,precision,recall,f1-score,folder,model_size
accuracy,0.920225556270532,0.920225556270532,0.920225556270532,2_7_0_1000,10.952438395764482
macro avg,0.831714900927796,0.610470757754445,0.6845133755453167,2_7_0_1000,10.952438395764482
weighted avg,0.912068488380214,0.920225556270532,0.9132754330629154,2_7_0_1000,10.952438395764482
living macro avg,0.8163241117285711,0.5418729329699836,0.6334320032166462,2_7_0_1000,10.952438395764482
living weighted avg,0.7057577837369556,0.49161777032690696,0.5668704969726679,2_7_0_1000,10.952438395764482
accuracy,0.9226301351305585,0.9226301351305585,0.9226301351305585,1_6_0_1000,22.19844063540864
macro avg,0.849961442025539,0.6119469071592738,0.6918569104284152,1_6_0_1000,22.19844063540864
weighted avg,0.9148027568601383,0.9226301351305585,0.9156907705631746,1_6_0_1000,22.19844063540864
living macro avg,0.8380175667133491,0.5433421737876485,0.641873346154866,1_6_0_1000,22.19844063540864
living weighted avg,0.720961412922521,0.4991617770326907,0.5764466373531933,1_6_0_1000,22.19844063540864
accuracy,0.9235953534053578,0.9235953534053578,0.9235953534053578,0.05_5_0_2500,43.54001633838912
macro avg,0.8518671750140712,0.6155260328851749,0.6933901787631792,0.05_5_0_2500,43.54001633838912
weighted avg,0.9160164926919783,0.9235953534053578,0.9166796693445135,0.05_5_0_2500,43.54001633838912
living macro avg,0.8402082789532694,0.5485879299405141,0.6440973514656912,0.05_5_0_2500,43.54001633838912
living weighted avg,0.7292804598162813,0.5067057837384744,0.5830878718982551,0.05_5_0_2500,43.54001633838912
accuracy,0.8053815152233549,0.8053815152233549,0.8053815152233549,3_7_75_1000,2.2909240808985603
macro avg,0.43859236578354244,0.7268305886642852,0.5242165935380156,3_7_75_1000,2.2909240808985603
weighted avg,0.8951138529837445,0.8053815152233549,0.8357752540142168,3_7_75_1000,2.2909240808985603
living macro avg,0.3442695887389735,0.6884247276424491,0.4453234268910341,3_7_75_1000,2.2909240808985603
living weighted avg,0.2996927824453927,0.6804274937133278,0.41077573752116253,3_7_75_1000,2.2909240808985603
accuracy,0.8838520675991466,0.8838520675991466,0.8838520675991466,2_5_50_1000,3.2202758910412803
macro avg,0.5912532934008189,0.7223524051345772,0.6405833168475953,2_5_50_1000,3.2202758910412803
weighted avg,0.9046869886813969,0.8838520675991466,0.8911713533241334,2_5_50_1000,3.2202758910412803
living macro avg,0.5284559482270558,0.6756943342130506,0.5828291756178812,2_5_50_1000,3.2202758910412803
living weighted avg,0.457222532223093,0.6345347862531433,0.5269642949355978,2_5_50_1000,3.2202758910412803
accuracy,0.9120635350695974,0.9120635350695974,0.9120635350695974,3_7_25_1000,4.90843965472704
macro avg,0.7350668396067661,0.6278714625276919,0.663741735220027,3_7_25_1000,4.90843965472704
weighted avg,0.9090659860404556,0.9120635350695974,0.9097059987097794,3_7_25_1000,4.90843965472704
living macro avg,0.7008132319613651,0.5587534105563747,0.6078025118097282,3_7_25_1000,4.90843965472704
living weighted avg,0.6020509067554235,0.5488264878457669,0.5666302829155393,3_7_25_1000,4.90843965472704
accuracy,0.7965760151725539,0.7965760151725539,0.7965760151725539,2_5_75_1000,1.9239273143788802
macro avg,0.40074748807241356,0.7567845503017587,0.4968287936338447,2_5_75_1000,1.9239273143788802
weighted avg,0.8944953893523099,0.7965760151725539,0.8292651310359046,2_5_75_1000,1.9239273143788802
living macro avg,0.29958860018819466,0.7253286752132624,0.41256335460751853,2_5_75_1000,1.9239273143788802
living weighted avg,0.2895801227575156,0.6835708298407376,0.401548463704267,2_5_75_1000,1.9239273143788802
accuracy,0.9137907677718698,0.9137907677718698,0.9137907677718698,3_4_25_1000,3.7469177387289605
macro avg,0.763505700726592,0.6634704092607484,0.6935302497443308,3_4_25_1000,3.7469177387289605
weighted avg,0.9112640303627636,0.9137907677718698,0.9116775144822695,3_4_25_1000,3.7469177387289605
living macro avg,0.7363450410499259,0.6042199093683387,0.6454930974350148,3_4_25_1000,3.7469177387289605
living weighted avg,0.6063769403818029,0.568105616093881,0.5784133525925585,3_4_25_1000,3.7469177387289605
accuracy,0.7973380296000271,0.7973380296000271,0.7973380296000271,3_6_75_1000,1.7032852237036802
macro avg,0.4189830450825719,0.7525469703179068,0.514184260847686,3_6_75_1000,1.7032852237036802
weighted avg,0.8939793777886645,0.7973380296000271,0.8298004105844411,3_6_75_1000,1.7032852237036802
living macro avg,0.32089982093059066,0.7206797298690554,0.43364176413289185,3_6_75_1000,1.7032852237036802
living weighted avg,0.2882731392635854,0.6779128248113998,0.39964342248821894,3_6_75_1000,1.7032852237036802
accuracy,0.919006333186575,0.919006333186575,0.919006333186575,3_6_0_1000,6.184822105825921
macro avg,0.834235919423165,0.6086799058556964,0.6858064257456873,3_6_0_1000,6.184822105825921
weighted avg,0.9105079447993397,0.919006333186575,0.9119546928143942,3_6_0_1000,6.184822105825921
living macro avg,0.8202281353290051,0.5411994563677236,0.6362201282562336,3_6_0_1000,6.184822105825921
living weighted avg,0.6991223876255938,0.4859597652975692,0.5617682769542218,3_6_0_1000,6.184822105825921
accuracy,0.8059741931113896,0.8059741931113896,0.8059741931113896,2_6_75_1000,2.5698547460121604
macro avg,0.431410206978483,0.7563292732795817,0.5239871401601459,2_6_75_1000,2.5698547460121604
weighted avg,0.8963777014903825,0.8059741931113896,0.8361999608095096,2_6_75_1000,2.5698547460121604
living macro avg,0.33609929487309964,0.7240855183883432,0.445084636667991,2_6_75_1000,2.5698547460121604
living weighted avg,0.3015226582099324,0.6881810561609388,0.4142513725815005,2_6_75_1000,2.5698547460121604
accuracy,0.791546719951231,0.791546719951231,0.791546719951231,1_4_75_1000,2.9945221060108804
macro avg,0.3811741957817441,0.7711512381068949,0.480069889769129,1_4_75_1000,2.9945221060108804
weighted avg,0.8935610286817366,0.791546719951231,0.8254851858808016,1_4_75_1000,2.9945221060108804
living macro avg,0.27609323020102505,0.7430997150780239,0.39217635319263194,1_4_75_1000,2.9945221060108804
living weighted avg,0.2837722822319859,0.6810561609388097,0.394954931912096,1_4_75_1000,2.9945221060108804
accuracy,0.9222237274359061,0.9222237274359061,0.9222237274359061,1_5_0_1000,19.525367810394243
macro avg,0.8452041245400354,0.6021608695196659,0.6817440947763458,1_5_0_1000,19.525367810394243
weighted avg,0.914104098189279,0.9222237274359061,0.9151495967975938,1_5_0_1000,19.525367810394243
living macro avg,0.8322464891180801,0.5312775676587094,0.6294074465376351,1_5_0_1000,19.525367810394243
living weighted avg,0.7155477200698774,0.49497066219614416,0.5718659103938741,1_5_0_1000,19.525367810394243
accuracy,0.8800758627696684,0.8800758627696684,0.8800758627696684,3_5_50_1000,1.97341156749504
macro avg,0.5776013674812229,0.71654829442664,0.6310031347041665,3_5_50_1000,1.97341156749504
weighted avg,0.9024711773459705,0.8800758627696684,0.888068694985488,3_5_50_1000,1.97341156749504
living macro avg,0.5113865795158443,0.6689807718495304,0.5711055786144514,3_5_50_1000,1.97341156749504
living weighted avg,0.443769379781935,0.6248952221290863,0.5148621651657859,3_5_50_1000,1.97341156749504
accuracy,0.9155349341280862,0.9155349341280862,0.9155349341280862,2_3_25_1000,6.9356308244755205
macro avg,0.7713722952816623,0.6778173272253103,0.7056916418959406,2_3_25_1000,6.9356308244755205
weighted avg,0.9128118911228333,0.9155349341280862,0.9132940480112715,2_3_25_1000,6.9356308244755205
living macro avg,0.7453576443689343,0.6212959055804554,0.6598682289478737,2_3_25_1000,6.9356308244755205
living weighted avg,0.6117675696281338,0.5746018440905281,0.5841272519703845,2_3_25_1000,6.9356308244755205
accuracy,0.9220882582043554,0.9220882582043554,0.9220882582043554,1_7_0_1000,22.36085518680192
macro avg,0.8484174595187408,0.6121729809483482,0.6923895326403365,1_7_0_1000,22.36085518680192
weighted avg,0.9142944942022485,0.9220882582043554,0.9150475293999142,1_7_0_1000,22.36085518680192
living macro avg,0.8361999096499979,0.5439044359131532,0.6427376817487485,1_7_0_1000,22.36085518680192
living weighted avg,0.7231652790002036,0.4951802179379715,0.5741365975435412,1_7_0_1000,22.36085518680192
accuracy,0.8865445185762184,0.8865445185762184,0.8865445185762184,2_7_50_1000,4.77716066253312
macro avg,0.617541420074063,0.7055182930822897,0.6478225149382937,2_7_50_1000,4.77716066253312
weighted avg,0.905368711922551,0.8865445185762184,0.8931850356897475,2_7_50_1000,4.77716066253312
living macro avg,0.560213937515597,0.6551945091344591,0.5914886464906999,2_7_50_1000,4.77716066253312
living weighted avg,0.4704496249453206,0.6343252305113161,0.5356129906022541,2_7_50_1000,4.77716066253312
accuracy,0.9144511802756798,0.9144511802756798,0.9144511802756798,3_3_25_1000,4.134239212356481
macro avg,0.7389196473327825,0.6646949819879591,0.687248489022932,3_3_25_1000,4.134239212356481
weighted avg,0.9117083084784742,0.9144511802756798,0.9121209587393636,3_3_25_1000,4.134239212356481
living macro avg,0.7056344637810896,0.6054269507052449,0.6375100046310507,3_3_25_1000,4.134239212356481
living weighted avg,0.6109758677830495,0.568105616093881,0.5795804324008557,3_3_25_1000,4.134239212356481
accuracy,0.883360991634775,0.883360991634775,0.883360991634775,1_3_50_1000,5.8526611548672
macro avg,0.5981823222406683,0.7382055059285005,0.6465836917325382,1_3_50_1000,5.8526611548672
weighted avg,0.9036572207686951,0.883360991634775,0.890372981599743,1_3_50_1000,5.8526611548672
living macro avg,0.5367142304861185,0.6951406491250378,0.5899872189270177,1_3_50_1000,5.8526611548672
living weighted avg,0.4561600807494265,0.6261525565800503,0.5224514042305181,1_3_50_1000,5.8526611548672
accuracy,0.7817252006637992,0.7817252006637992,0.7817252006637992,2_3_75_1000,1.3637771657836801
macro avg,0.36760927591391224,0.7789146331582553,0.4656013709770284,2_3_75_1000,1.3637771657836801
weighted avg,0.8909886458583922,0.7817252006637992,0.8181233004190422,2_3_75_1000,1.3637771657836801
living macro avg,0.26020178979161446,0.7542303219553226,0.3754302320757976,2_3_75_1000,1.3637771657836801
living weighted avg,0.27074119678515474,0.6705783738474435,0.3799158885384427,2_3_75_1000,1.3637771657836801
accuracy,0.9172621668303587,0.9172621668303587,0.9172621668303587,0.05_7_25_2500,31.131591914188803
macro avg,0.7736082553401863,0.6581260120945276,0.6943832876359437,0.05_7_25_2500,31.131591914188803
weighted avg,0.9138552678551385,0.9172621668303587,0.9145392252236217,0.05_7_25_2500,31.131591914188803
living macro avg,0.7472142288861348,0.5962041136939762,0.6449944324563617,0.05_7_25_2500,31.131591914188803
living weighted avg,0.629502057824727,0.5649622799664711,0.5861617737347816,0.05_7_25_2500,31.131591914188803
accuracy,0.9144173129677922,0.9144173129677922,0.9144173129677922,2_5_25_1000,6.151123070054401
macro avg,0.7586866827917657,0.6543189116402087,0.6837377219058848,2_5_25_1000,6.151123070054401
weighted avg,0.9116391550634517,0.9144173129677922,0.9121756754167,2_5_25_1000,6.151123070054401
living macro avg,0.7295570652087067,0.5919597576446778,0.6324727859051499,2_5_25_1000,6.151123070054401
living weighted avg,0.6093410752711351,0.5637049455155071,0.5778075827538469,2_5_25_1000,6.151123070054401
accuracy,0.9230704101330985,0.9230704101330985,0.9230704101330985,0.05_6_0_2500,44.297569441829765
macro avg,0.8487144827627915,0.6107047176960646,0.6919529602143217,0.05_6_0_2500,44.297569441829765
weighted avg,0.9153505352271112,0.9230704101330985,0.916030601930412,0.05_6_0_2500,44.297569441829765
living macro avg,0.8365613907457637,0.5422317253302377,0.6422727277609598,0.05_6_0_2500,44.297569441829765
living weighted avg,0.7266570804351516,0.49832355406538137,0.5769337748535276,0.05_6_0_2500,44.297569441829765
accuracy,0.7852643343380634,0.7852643343380634,0.7852643343380634,1_3_75_1000,2.7753448590912004
macro avg,0.3728851094630792,0.7855818657222794,0.4729199312734055,1_3_75_1000,2.7753448590912004
weighted avg,0.8914073309047763,0.7852643343380634,0.8205759471653756,1_3_75_1000,2.7753448590912004
living macro avg,0.2669412105087904,0.7618401194185391,0.3843057969095013,1_3_75_1000,2.7753448590912004
living weighted avg,0.2743228450994535,0.6743503772003353,0.38429826191604805,1_3_75_1000,2.7753448590912004
accuracy,0.9220713245504115,0.9220713245504115,0.9220713245504115,2_4_0_1000,10.00165561630272
macro avg,0.8406237816364097,0.61022642714364,0.6858687718007441,2_4_0_1000,10.00165561630272
weighted avg,0.9141238289203832,0.9220713245504115,0.9151606113350246,2_4_0_1000,10.00165561630272
living macro avg,0.8264007634208493,0.541646127369813,0.6346503606888483,2_4_0_1000,10.00165561630272
living weighted avg,0.7171038145667494,0.49979044425817265,0.5757041998360352,2_4_0_1000,10.00165561630272
accuracy,0.9224438649371761,0.9224438649371761,0.9224438649371761,0.05_7_0_2500,47.234878718035205
macro avg,0.8434277422612949,0.6106022203596643,0.6913145889321483,0.05_7_0_2500,47.234878718035205
weighted avg,0.9144386799951089,0.9224438649371761,0.9152235678160061,0.05_7_0_2500,47.234878718035205
living macro avg,0.8295691717671883,0.5422156791550965,0.6413526938659075,0.05_7_0_2500,47.234878718035205
living weighted avg,0.7238047983225938,0.4941324392288349,0.5732878287094789,0.05_7_0_2500,47.234878718035205
accuracy,0.8846987502963389,0.8846987502963389,0.8846987502963389,1_5_50_1000,5.96034242968704
macro avg,0.5959810941864717,0.728008096142706,0.6466860548090432,1_5_50_1000,5.96034242968704
weighted avg,0.9045201648789958,0.8846987502963389,0.8915337540258242,1_5_50_1000,5.96034242968704
living macro avg,0.5348744135360644,0.6820511224211169,0.5904377637526694,1_5_50_1000,5.96034242968704
living weighted avg,0.4631769922437993,0.6313914501257335,0.5291589937588247,1_5_50_1000,5.96034242968704
accuracy,0.9148914552782199,0.9148914552782199,0.9148914552782199,2_6_25_1000,6.7808838146150405
macro avg,0.7692796697510564,0.6490667968705084,0.685303222582989,2_6_25_1000,6.7808838146150405
weighted avg,0.9123756193024728,0.9148914552782199,0.912837088663661,2_6_25_1000,6.7808838146150405
living macro avg,0.7429468265165153,0.5852603881144712,0.6344228854308009,2_6_25_1000,6.7808838146150405
living weighted avg,0.6159521743879597,0.5685247275775356,0.5840349784947271,2_6_25_1000,6.7808838146150405
accuracy,0.921004504351949,0.921004504351949,0.921004504351949,2_6_0_1000,10.02997592890944
macro avg,0.8431657489811316,0.6145421110056223,0.6926542526592325,2_6_0_1000,10.02997592890944
weighted avg,0.9130630534736989,0.921004504351949,0.9140030123347538,2_6_0_1000,10.02997592890944
living macro avg,0.8303705583964235,0.5479857251039001,0.6440067351546485,2_6_0_1000,10.02997592890944
living weighted avg,0.7189048551716182,0.4966471081307628,0.574216537207595,2_6_0_1000,10.02997592890944
accuracy,0.9205811630033529,0.9205811630033529,0.9205811630033529,1_3_0_1000,12.34982304458496
macro avg,0.8319832637644978,0.6204857619422495,0.6918272296433964,1_3_0_1000,12.34982304458496
weighted avg,0.9116048193149832,0.9205811630033529,0.9123593938503123,1_3_0_1000,12.34982304458496
living macro avg,0.8162635763834998,0.554702142603249,0.6425437940682556,1_3_0_1000,12.34982304458496
living weighted avg,0.7122198723143064,0.47464375523889357,0.5515660951849802,1_3_0_1000,12.34982304458496
accuracy,0.9153655975886477,0.9153655975886477,0.9153655975886477,2_7_25_1000,7.350921658560001
macro avg,0.7717615950251366,0.6540596427831017,0.6927410445273983,2_7_25_1000,7.350921658560001
weighted avg,0.9125257193430536,0.9153655975886477,0.9130570829055759,2_7_25_1000,7.350921658560001
living macro avg,0.7465695269989852,0.591884710751953,0.6441703879040921,2_7_25_1000,7.350921658560001
living weighted avg,0.6282747933564755,0.567476948868399,0.588508050159804,2_7_25_1000,7.350921658560001
accuracy,0.7833000304805771,0.7833000304805771,0.7833000304805771,3_4_75_1000,0.9835281409132801
macro avg,0.36460101512310034,0.7613630819098465,0.462567604267128,3_4_75_1000,0.9835281409132801
weighted avg,0.891543383871035,0.7833000304805771,0.8194459175091723,3_4_75_1000,0.9835281409132801
living macro avg,0.2563634103206623,0.7325314336791423,0.37161815181655056,3_4_75_1000,0.9835281409132801
living weighted avg,0.2704128972079684,0.6720452640402347,0.380432816289371,3_4_75_1000,0.9835281409132801
accuracy,0.914772919700613,0.914772919700613,0.914772919700613,2_4_25_1000,6.073196434018561
macro avg,0.7694419433321231,0.669237576562967,0.699056873883883,2_4_25_1000,6.073196434018561
weighted avg,0.9120708326215333,0.914772919700613,0.9125624612197415,2_4_25_1000,6.073196434018561
living macro avg,0.7438759474074479,0.6114431561853497,0.6524505301331387,2_4_25_1000,6.073196434018561
living weighted avg,0.6100756673825012,0.5722967309304275,0.5820708982838687,2_4_25_1000,6.073196434018561
accuracy,0.7910556439868595,0.7910556439868595,0.7910556439868595,3_5_75_1000,1.34820557148672
macro avg,0.38840207271642563,0.7438336828201122,0.48311588351866463,3_5_75_1000,1.34820557148672
weighted avg,0.8936090278694335,0.7910556439868595,0.8254187797880006,3_5_75_1000,1.34820557148672
living macro avg,0.28364904081858167,0.7099474285382348,0.3955263987116623,3_5_75_1000,1.34820557148672
living weighted avg,0.2821442703269524,0.6789606035205364,0.39352178521725595,3_5_75_1000,1.34820557148672
accuracy,0.9165678870186609,0.9165678870186609,0.9165678870186609,1_5_25_1000,12.186576889184641
macro avg,0.7770928339765362,0.672355353059939,0.7059465884965552,1_5_25_1000,12.186576889184641
weighted avg,0.9135353333444838,0.9165678870186609,0.9141317970890069,1_5_25_1000,12.186576889184641
living macro avg,0.7520123584743896,0.6138096938303652,0.6596012100734856,1_5_25_1000,12.186576889184641
living weighted avg,0.6225162979490615,0.569362950544845,0.5862867330431083,1_5_25_1000,12.186576889184641
accuracy,0.7977105699867918,0.7977105699867918,0.7977105699867918,1_5_75_1000,3.86209107900672
macro avg,0.3999797887466608,0.766729456457923,0.4977917703109565,1_5_75_1000,3.86209107900672
weighted avg,0.8950101354122251,0.7977105699867918,0.8300605946104098,1_5_75_1000,3.86209107900672
living macro avg,0.2988552437893616,0.7368332230340243,0.4135561780951065,1_5_75_1000,3.86209107900672
living weighted avg,0.29119039695836346,0.684409052808047,0.4032282150957128,1_5_75_1000,3.86209107900672
accuracy,0.8797710569986792,0.8797710569986792,0.8797710569986792,3_6_50_1000,2.3884811491372804
macro avg,0.5786456952642423,0.7140571143372954,0.6299888523240514,3_6_50_1000,2.3884811491372804
weighted avg,0.9023048559649972,0.8797710569986792,0.8878794210234349,3_6_50_1000,2.3884811491372804
living macro avg,0.5130584858198106,0.6662948713376198,0.5701871263314982,3_6_50_1000,2.3884811491372804
living weighted avg,0.4415433083348062,0.6257334450963956,0.5138333963228321,3_6_50_1000,2.3884811491372804
accuracy,0.9163816168252785,0.9163816168252785,0.9163816168252785,1_7_25_1000,15.578041135363202
macro avg,0.7688607920789384,0.6537113962802582,0.6915355857497818,1_7_25_1000,15.578041135363202
weighted avg,0.9129254669781821,0.9163816168252785,0.913724168651843,1_7_25_1000,15.578041135363202
living macro avg,0.7409796302837581,0.591442357436751,0.6416727505015294,1_7_25_1000,15.578041135363202
living weighted avg,0.6253494623657538,0.5630762782900252,0.5843480378134308,1_7_25_1000,15.578041135363202
accuracy,0.9221729264740746,0.9221729264740746,0.9221729264740746,2_3_0_1000,11.09826664338432
macro avg,0.8370219164167658,0.624607890261422,0.6954151368975279,2_3_0_1000,11.09826664338432
weighted avg,0.9138257514503679,0.9221729264740746,0.9152257745468024,2_3_0_1000,11.09826664338432
living macro avg,0.8217704276803293,0.5595033179682853,0.6464586334044866,2_3_0_1000,11.09826664338432
living weighted avg,0.7044049201437187,0.5006286672254819,0.5718286228384575,2_3_0_1000,11.09826664338432
accuracy,0.9169234937514817,0.9169234937514817,0.9169234937514817,0.05_5_25_2500,26.998481852227204
macro avg,0.7820734776391624,0.6691986383006072,0.7063363225612271,0.05_5_25_2500,26.998481852227204
weighted avg,0.9140804226382233,0.9169234937514817,0.9146210193530738,0.05_5_25_2500,26.998481852227204
living macro avg,0.7577599972903092,0.6104707766417701,0.6601473234820492,0.05_5_25_2500,26.998481852227204
living weighted avg,0.6273594207831683,0.5750209555741828,0.5919776603513925,0.05_5_25_2500,26.998481852227204
accuracy,0.8876790733904562,0.8876790733904562,0.8876790733904562,1_6_50_1000,7.467567471987841
macro avg,0.6266661887939476,0.7335579493654854,0.664866904706825,1_6_50_1000,7.467567471987841
weighted avg,0.9061709501756849,0.8876790733904562,0.8941018282819382,1_6_50_1000,7.467567471987841
living macro avg,0.5721971201122917,0.6891535615033142,0.6126236283566864,1_6_50_1000,7.467567471987841
living weighted avg,0.47474061496633735,0.6366303436714166,0.5388512112302458,1_6_50_1000,7.467567471987841
accuracy,0.8778067531411928,0.8778067531411928,0.8778067531411928,3_3_50_1000,1.7920913763820803
macro avg,0.5534940554348905,0.7196939369094689,0.6137673703470607,3_3_50_1000,1.7920913763820803
weighted avg,0.9011774927106876,0.8778067531411928,0.8860401547777468,3_3_50_1000,1.7920913763820803
living macro avg,0.4821288340863626,0.6730823934214468,0.5501649349629384,3_3_50_1000,1.7920913763820803
living weighted avg,0.43782593122957986,0.6225901089689857,0.509194751908306,3_3_50_1000,1.7920913763820803
accuracy,0.8912520743726081,0.8912520743726081,0.8912520743726081,1_7_50_1000,10.17483524342016
macro avg,0.6350510436306862,0.7211132369367914,0.6649200203405068,1_7_50_1000,10.17483524342016
weighted avg,0.9078752744247887,0.8912520743726081,0.8970581858784231,1_7_50_1000,10.17483524342016
living macro avg,0.5811640858161349,0.673587806538658,0.6118334899678216,1_7_50_1000,10.17483524342016
living weighted avg,0.4894320052332968,0.6389354568315172,0.5494884582513377,1_7_50_1000,10.17483524342016
accuracy,0.9228672062857723,0.9228672062857723,0.9228672062857723,0.05_4_0_2500,43.517357036545924
macro avg,0.850170998786173,0.6218725579676716,0.6974891702817348,0.05_4_0_2500,43.517357036545924
weighted avg,0.9149361243463928,0.9228672062857723,0.9158819420935709,0.05_4_0_2500,43.517357036545924
living macro avg,0.8386832862264487,0.5563918850221898,0.6494399341820116,0.05_4_0_2500,43.517357036545924
living weighted avg,0.7202751283651126,0.5016764459346186,0.5773058518482387,0.05_4_0_2500,43.517357036545924
accuracy,0.8830053849019541,0.8830053849019541,0.8830053849019541,3_7_50_1000,3.16999818089088
macro avg,0.596723350879793,0.6959997028033085,0.6332487812777766,3_7_50_1000,3.16999818089088
weighted avg,0.9033443666156361,0.8830053849019541,0.8903266385085343,3_7_50_1000,3.16999818089088
living macro avg,0.5346556482817131,0.6440451468817133,0.5738263526841151,3_7_50_1000,3.16999818089088
living weighted avg,0.4536054713676327,0.625943000838223,0.5219622887663917,3_7_50_1000,3.16999818089088
accuracy,0.7879398516611914,0.7879398516611914,0.7879398516611914,2_4_75_1000,1.49082947339136
macro avg,0.37242911676105267,0.7687559941820066,0.4714975191925694,2_4_75_1000,1.49082947339136
weighted avg,0.8926131285060732,0.7879398516611914,0.8227599574202055,2_4_75_1000,1.49082947339136
living macro avg,0.26523829389697273,0.7410972470360513,0.38193899151956023,2_4_75_1000,1.49082947339136
living weighted avg,0.2765735317769231,0.6785414920368819,0.3877143319637513,2_4_75_1000,1.49082947339136
accuracy,0.9188369966471365,0.9188369966471365,0.9188369966471365,3_7_0_1000,6.521987939616
macro avg,0.8127177640932741,0.5865337450905423,0.6591825632885463,3_7_0_1000,6.521987939616
weighted avg,0.9101272695113956,0.9188369966471365,0.9117317957636625,3_7_0_1000,6.521987939616
living macro avg,0.7925384543895423,0.5128419902107451,0.60220403700044,3_7_0_1000,6.521987939616
living weighted avg,0.6909630467581225,0.48030176026823135,0.5554110439356251,3_7_0_1000,6.521987939616
accuracy,0.913215023537779,0.913215023537779,0.913215023537779,3_5_25_1000,3.9852371365996806
macro avg,0.76843309294978,0.6540830746242976,0.6877958040961281,3_5_25_1000,3.9852371365996806
weighted avg,0.9110612865697646,0.913215023537779,0.9113775975874624,3_5_25_1000,3.9852371365996806
living macro avg,0.7425908884408794,0.5925335215849594,0.6384087449904015,3_5_25_1000,3.9852371365996806
living weighted avg,0.6090196038021346,0.5699916177703269,0.5819622422257376,3_5_25_1000,3.9852371365996806
accuracy,0.9159582754766824,0.9159582754766824,0.9159582754766824,0.05_3_25_2500,26.984382731080323
macro avg,0.7694420926220091,0.6792457417673575,0.7056589581317632,0.05_3_25_2500,26.984382731080323
weighted avg,0.913225978806483,0.9159582754766824,0.9136296166592779,0.05_3_25_2500,26.984382731080323
living macro avg,0.7428931006521389,0.6229232122611554,0.6597211782654203,0.05_3_25_2500,26.984382731080323
living weighted avg,0.6165562478130109,0.5750209555741828,0.5856948497891578,0.05_3_25_2500,26.984382731080323
accuracy,0.884241541639855,0.884241541639855,0.884241541639855,2_6_50_1000,3.7611770771616
macro avg,0.600091339031517,0.7201824226076231,0.645767846507287,2_6_50_1000,3.7611770771616
weighted avg,0.9042594545516384,0.884241541639855,0.8912695379549281,2_6_50_1000,3.7611770771616
living macro avg,0.5396620639239311,0.6733216310279958,0.5895419763965675,2_6_50_1000,3.7611770771616
living weighted avg,0.4618605590961946,0.6326487845766974,0.5295347673813366,2_6_50_1000,3.7611770771616
accuracy,0.8140007450807736,0.8140007450807736,0.8140007450807736,2_7_75_1000,3.4793625009043203
macro avg,0.45961117629134896,0.7673709017869801,0.5526981818737529,2_7_75_1000,3.4793625009043203
weighted avg,0.8980856046804997,0.8140007450807736,0.8422376968839347,2_7_75_1000,3.4793625009043203
living macro avg,0.36997778675316634,0.7368819186489213,0.4796290600591897,2_7_75_1000,3.4793625009043203
living weighted avg,0.31371634848725977,0.6925817267393126,0.4268075310073164,2_7_75_1000,3.4793625009043203
accuracy,0.9166186879804924,0.9166186879804924,0.9166186879804924,1_6_25_1000,13.682052663863042
macro avg,0.7718876105028076,0.6596251702727343,0.6956382505741739,1_6_25_1000,13.682052663863042
weighted avg,0.913433201386995,0.9166186879804924,0.9141134738621569,1_6_25_1000,13.682052663863042
living macro avg,0.7456923922315817,0.5986086196121287,0.6471522813526146,1_6_25_1000,13.682052663863042
living weighted avg,0.6272223289627765,0.5704107292539815,0.5891465947993685,1_6_25_1000,13.682052663863042
accuracy,0.807599823889999,0.807599823889999,0.807599823889999,1_6_75_1000,5.279136677608321
macro avg,0.4362694509485004,0.7651116676882014,0.5302573683582438,1_6_75_1000,5.279136677608321
weighted avg,0.8971548064759066,0.807599823889999,0.8374240999084124,1_6_75_1000,5.279136677608321
living macro avg,0.34237119701914115,0.7340011632420332,0.45258605569203,1_6_75_1000,5.279136677608321
living weighted avg,0.30557329722370674,0.6925817267393126,0.41873723069374114,1_6_75_1000,5.279136677608321
accuracy,0.9120804687235412,0.9120804687235412,0.9120804687235412,3_6_25_1000,4.32586671552
macro avg,0.7498358138276098,0.6505214797568202,0.6817100956373224,3_6_25_1000,4.32586671552
weighted avg,0.9100085032750203,0.9120804687235412,0.9103317510457738,3_6_25_1000,4.32586671552
living macro avg,0.7194765958308064,0.5876684171807416,0.630672291986875,3_6_25_1000,4.32586671552
living weighted avg,0.5999194978825102,0.5639145012573344,0.5750611191895916,3_6_25_1000,4.32586671552
accuracy,0.8794493175737461,0.8794493175737461,0.8794493175737461,3_4_50_1000,1.85296631557632
macro avg,0.5746869759934555,0.7210538701235113,0.6300177962202125,3_4_50_1000,1.85296631557632
weighted avg,0.9024797336863039,0.8794493175737461,0.8876342837189848,3_4_50_1000,1.85296631557632
living macro avg,0.5078155767566682,0.6738570528508119,0.5695891592158739,3_4_50_1000,1.85296631557632
living weighted avg,0.4424925084872383,0.6274098910310143,0.5150574763987297,3_4_50_1000,1.85296631557632
accuracy,0.9222575947437938,0.9222575947437938,0.9222575947437938,1_4_0_1000,19.425911022910082
macro avg,0.8454112360518135,0.6133637105094765,0.6892987578834469,1_4_0_1000,19.425911022910082
weighted avg,0.9139859066564953,0.9222575947437938,0.9150592537648238,1_4_0_1000,19.425911022910082
living macro avg,0.8324405178468904,0.5462195154961638,0.6393065124201938,1_4_0_1000,19.425911022910082
living weighted avg,0.7134937359001703,0.4958088851634535,0.5706709611480806,1_4_0_1000,19.425911022910082
accuracy,0.8843431435635182,0.8843431435635182,0.8843431435635182,1_4_50_1000,5.962928794442881
macro avg,0.6161488917278717,0.7279375024565039,0.652036913661129,1_4_50_1000,5.962928794442881
weighted avg,0.9047514858704465,0.8843431435635182,0.8914046583937054,1_4_50_1000,5.962928794442881
living macro avg,0.5595757989970336,0.6816202413454501,0.5967063945723996,1_4_50_1000,5.962928794442881
living weighted avg,0.46177494286561693,0.6347443419949707,0.5297693792518355,1_4_50_1000,5.962928794442881
accuracy,0.8813289531615132,0.8813289531615132,0.8813289531615132,2_3_50_1000,2.8297653304876804
macro avg,0.574748973644612,0.7253529778166161,0.6280795801038744,2_3_50_1000,2.8297653304876804
weighted avg,0.9027420982220911,0.8813289531615132,0.88874140416363,2_3_50_1000,2.8297653304876804
living macro avg,0.5078684832398717,0.679306742082949,0.5672090953488055,2_3_50_1000,2.8297653304876804
living weighted avg,0.449181858155912,0.6234283319362951,0.516224045746717,2_3_50_1000,2.8297653304876804
accuracy,0.9172113658685271,0.9172113658685271,0.9172113658685271,0.05_4_25_2500,26.292984107869444
macro avg,0.7773640120315662,0.673938879156098,0.7075778501137248,0.05_4_25_2500,26.292984107869444
weighted avg,0.9144469307611006,0.9172113658685271,0.9149454881033502,0.05_4_25_2500,26.292984107869444
living macro avg,0.751962496864324,0.6158618099041204,0.6614762042469611,0.05_4_25_2500,26.292984107869444
living weighted avg,0.6258377426297379,0.5787929589270746,0.5930624858744293,0.05_4_25_2500,26.292984107869444
accuracy,0.9173637687540217,0.9173637687540217,0.9173637687540217,0.05_6_25_2500,28.55141459733696
macro avg,0.7766680302761507,0.6651999991258326,0.7011491038253259,0.05_6_25_2500,28.55141459733696
weighted avg,0.9142761509922934,0.9173637687540217,0.914868786094333,0.05_6_25_2500,28.55141459733696
living macro avg,0.7513024965181171,0.6053397917081531,0.6537514413703585,0.05_6_25_2500,28.55141459733696
living weighted avg,0.6321411340531218,0.5737636211232188,0.5929375902876233,0.05_6_25_2500,28.55141459733696
accuracy,0.9198868831916551,0.9198868831916551,0.9198868831916551,3_5_0_1000,6.038284324512
macro avg,0.8149196777484583,0.6099750761910347,0.6815017573016607,3_5_0_1000,6.038284324512
weighted avg,0.9114204336536856,0.9198868831916551,0.9127593904782485,3_5_0_1000,6.038284324512
living macro avg,0.795306877135296,0.5427022390864114,0.6303978816341028,3_5_0_1000,6.038284324512
living weighted avg,0.7009159675034378,0.48973176865046103,0.5632746639137952,3_5_0_1000,6.038284324512
accuracy,0.8808886781589731,0.8808886781589731,0.8808886781589731,2_4_50_1000,2.60752106695488
macro avg,0.5797483862535086,0.7334802964956245,0.6373423572623478,2_4_50_1000,2.60752106695488
weighted avg,0.9025261357886691,0.8808886781589731,0.8884916341370256,2_4_50_1000,2.60752106695488
living macro avg,0.5148574763740081,0.6892934945155795,0.579083348533741,2_4_50_1000,2.60752106695488
living weighted avg,0.44912186263693243,0.6265716680637049,0.5184811031859029,2_4_50_1000,2.60752106695488
accuracy,0.9205303620415213,0.9205303620415213,0.9205303620415213,2_5_0_1000,9.563461339749121
macro avg,0.837063805703767,0.6156783339504945,0.6900531671455539,2_5_0_1000,9.563461339749121
weighted avg,0.9120821704193669,0.9205303620415213,0.9135062734895207,2_5_0_1000,9.563461339749121
living macro avg,0.8228510072205173,0.5483677977948394,0.6402663589626936,2_5_0_1000,9.563461339749121
living weighted avg,0.7014367225510962,0.49308466051969824,0.5661779439439444,2_5_0_1000,9.563461339749121
accuracy,0.915450265858367,0.915450265858367,0.915450265858367,1_4_25_1000,12.00086216680512
macro avg,0.7775206287908241,0.6684296535193324,0.700611031433846,1_4_25_1000,12.00086216680512
weighted avg,0.9126075877807496,0.915450265858367,0.9130891115556401,1_4_25_1000,12.00086216680512
living macro avg,0.7535032843484016,0.6098036840073274,0.653859884577721,1_4_25_1000,12.00086216680512
living weighted avg,0.6180984346090705,0.5716680637049455,0.5849688214395555,1_4_25_1000,12.00086216680512
accuracy,0.9215463812781522,0.9215463812781522,0.9215463812781522,0.05_3_0_2500,30.655128594522242
macro avg,0.8440524913421921,0.617481513955381,0.6912147406657072,0.05_3_0_2500,30.655128594522242
weighted avg,0.9130268370257373,0.9215463812781522,0.9138457869891704,0.05_3_0_2500,30.655128594522242
living macro avg,0.8311420462098129,0.5506958083527538,0.6415492932965193,0.05_3_0_2500,30.655128594522242
living weighted avg,0.7182321450380602,0.4859597652975692,0.5636758959176378,0.05_3_0_2500,30.655128594522242
accuracy,0.9154671995123108,0.9154671995123108,0.9154671995123108,1_3_25_1000,12.259155319633921
macro avg,0.7693648694961563,0.6803057811716489,0.7062481600788041,1_3_25_1000,12.259155319633921
weighted avg,0.9125083108000016,0.9154671995123108,0.9129829296443981,1_3_25_1000,12.259155319633921
living macro avg,0.7427089210110611,0.6241845939260211,0.6603746564186286,1_3_25_1000,12.259155319633921
living weighted avg,0.6131112552732527,0.5716680637049455,0.5816880192242044,1_3_25_1000,12.259155319633921
accuracy,0.7793206218037728,0.7793206218037728,0.7793206218037728,3_3_75_1000,0.9543228185376001
macro avg,0.3694809882088816,0.7711544334866559,0.4661035027553694,3_3_75_1000,0.9543228185376001
weighted avg,0.8906373770554443,0.7793206218037728,0.8162842427917429,3_3_75_1000,0.9543228185376001
living macro avg,0.26368925570193297,0.7451005312270422,0.37702146157508265,3_3_75_1000,0.9543228185376001
living weighted avg,0.26927185419319066,0.6749790444258172,0.37965879954092174,3_3_75_1000,0.9543228185376001
accuracy,0.9211061062756122,0.9211061062756122,0.9211061062756122,3_3_0_1000,7.31352999582144
macro avg,0.8309142704829316,0.6163944636794729,0.6886349941730328,3_3_0_1000,7.31352999582144
weighted avg,0.9126278229295829,0.9211061062756122,0.9141192048467784,3_3_0_1000,7.31352999582144
living macro avg,0.8144620267889384,0.5494524206115474,0.6382504569862085,3_3_0_1000,7.31352999582144
living weighted avg,0.7004562669685819,0.4972757753562448,0.56845137812726,3_3_0_1000,7.31352999582144
accuracy,0.9210214380058929,0.9210214380058929,0.9210214380058929,3_4_0_1000,6.17779543343616
macro avg,0.8454759624964332,0.5998577262993645,0.6755584620704934,3_4_0_1000,6.17779543343616
weighted avg,0.9123883166252408,0.9210214380058929,0.9138826396763882,3_4_0_1000,6.17779543343616
living macro avg,0.8323364720911263,0.5293872843279435,0.622067428229892,3_4_0_1000,6.17779543343616
living weighted avg,0.7005872942626895,0.4899413243922883,0.5641162786126798,3_4_0_1000,6.17779543343616
accuracy,0.8154062383581129,0.8154062383581129,0.8154062383581129,1_7_75_1000,6.919937159865601
macro avg,0.45656363432751723,0.7611471760016386,0.547309367237956,1_7_75_1000,6.919937159865601
weighted avg,0.8980427909417145,0.8154062383581129,0.843013282596564,1_7_75_1000,6.919937159865601
living macro avg,0.3662528777146653,0.7286772949438447,0.4727869195455635,1_7_75_1000,6.919937159865601
living weighted avg,0.3165221285508611,0.6930008382229673,0.4293598911410903,1_7_75_1000,6.919937159865601
