instrument_type	lat	lon	depth	start_date	end_date	days	poc	doi	key
thorium234	50	145	50	2018-08-27	2018-08-27	0	5.48	Buesseler,K. O., et al. (2020) - Elementa: Science of the Anthropocene, 8(1).	THORIUM_714
thorium234	50	145	65	2018-08-27	2018-08-27	0	4.86	Buesseler,K. O., et al. (2020) - Elementa: Science of the Anthropocene, 8(1).	THORIUM_714
thorium234	50	145	80	2018-08-27	2018-08-27	0	3.77	Buesseler,K. O., et al. (2020) - Elementa: Science of the Anthropocene, 8(1).	THORIUM_714
thorium234	50	145	100	2018-08-27	2018-08-27	0	2.01	Buesseler,K. O., et al. (2020) - Elementa: Science of the Anthropocene, 8(1).	THORIUM_714
thorium234	50	145	120	2018-08-27	2018-08-27	0	1.74	Buesseler,K. O., et al. (2020) - Elementa: Science of the Anthropocene, 8(1).	THORIUM_714
thorium234	50	145	150	2018-08-27	2018-08-27	0	1.3	Buesseler,K. O., et al. (2020) - Elementa: Science of the Anthropocene, 8(1).	THORIUM_714
thorium234	50	145	200	2018-08-27	2018-08-27	0	1.06	Buesseler,K. O., et al. (2020) - Elementa: Science of the Anthropocene, 8(1).	THORIUM_714
thorium234	50	145	280	2018-08-27	2018-08-27	0	1.11	Buesseler,K. O., et al. (2020) - Elementa: Science of the Anthropocene, 8(1).	THORIUM_714
thorium234	50	145	330	2018-08-27	2018-08-27	0	1.28	Buesseler,K. O., et al. (2020) - Elementa: Science of the Anthropocene, 8(1).	THORIUM_714
thorium234	50	145	500	2018-08-27	2018-08-27	0	1.16	Buesseler,K. O., et al. (2020) - Elementa: Science of the Anthropocene, 8(1).	THORIUM_714
thorium234	60.58	-34.58	150	2010-05-02	NA	0	354.4	https://doi.org/10.1029/2018GB006158	THORIUM_747
thorium234	60.01	-34.57	150	2010-05-03	NA	0	457.17	https://doi.org/10.1029/2018GB006158	THORIUM_744
thorium234	60	-31.58	150	2010-05-04	NA	0	109.45	https://doi.org/10.1029/2018GB006158	THORIUM_743
thorium234	59.59	-28.58	150	2010-05-05	NA	0	206.98	https://doi.org/10.1029/2018GB006158	THORIUM_735
thorium234	59.56	-26.07	150	2010-05-06	NA	0	166.39	https://doi.org/10.1029/2018GB006158	THORIUM_733
thorium234	60.5	-21.45	150	2010-05-07	NA	0	270.26	https://doi.org/10.1029/2018GB006158	THORIUM_746
thorium234	61.59	-19.59	150	2010-05-08	NA	0	386.8	https://doi.org/10.1029/2018GB006158	THORIUM_751
thorium234	61.47	-21.04	150	2010-07-14	NA	0	129.75	https://doi.org/10.1029/2018GB006158	THORIUM_750
thorium234	59.59	-23.37	150	2010-07-16	NA	0	161.18	https://doi.org/10.1029/2018GB006158	THORIUM_736
thorium234	60	-34.59	150	2010-07-18	NA	0	260.78	https://doi.org/10.1029/2018GB006158	THORIUM_742
thorium234	59.54	-41.25	150	2010-07-20	NA	0	144.67	https://doi.org/10.1029/2018GB006158	THORIUM_732
thorium234	59.59	-34.59	150	2010-07-22	NA	0	359.03	https://doi.org/10.1029/2018GB006158	THORIUM_734
thorium234	62.59	-35	150	2010-07-23	NA	0	113.01	https://doi.org/10.1029/2018GB006158	THORIUM_753
thorium234	62.59	-29.49	150	2010-07-25	NA	0	228.62	https://doi.org/10.1029/2018GB006158	THORIUM_754
thorium234	58.13	-35.07	150	2010-07-27	NA	0	135.8	https://doi.org/10.1029/2018GB006158	THORIUM_724
thorium234	63.49	-35.05	150	2010-07-31	NA	0	148.45	https://doi.org/10.1029/2018GB006158	THORIUM_755
thorium234	63.49	-34.59	150	2010-08-02	NA	0	346.05	https://doi.org/10.1029/2018GB006158	THORIUM_756
thorium234	62.02	-24.2	150	2010-08-04	NA	0	182.59	https://doi.org/10.1029/2018GB006158	THORIUM_752
thorium234	61.13	-20.46	150	2010-08-05	NA	0	103.81	https://doi.org/10.1029/2018GB006158	THORIUM_748
thorium234	61.19	-20.57	150	2010-08-08	NA	0	97.85	https://doi.org/10.1029/2018GB006158	THORIUM_749
thorium234	74.1	-4.1	100	2012-06-12	NA	0	74.4	https://doi.org/10.1029/2018GB006158	THORIUM_774
thorium234	76.1	-2.3	100	2012-06-13	NA	0	40.8	https://doi.org/10.1029/2018GB006158	THORIUM_780
thorium234	78.4	0	100	2012-06-14	NA	0	939.6	https://doi.org/10.1029/2018GB006158	THORIUM_798
thorium234	77.5	1.1	100	2012-06-16	NA	0	21.6	https://doi.org/10.1029/2018GB006158	THORIUM_792
thorium234	71.7	17.9	100	2012-06-19	NA	0	106.8	https://doi.org/10.1029/2018GB006158	THORIUM_765
thorium234	71.4	8.3	100	2012-06-22	NA	0	175.2	https://doi.org/10.1029/2018GB006158	THORIUM_764
thorium234	68.4	-10.3	100	2012-06-25	NA	0	68.4	https://doi.org/10.1029/2018GB006158	THORIUM_760
thorium234	67.5	-16.2	100	2012-06-26	NA	0	69.6	https://doi.org/10.1029/2018GB006158	THORIUM_759
thorium234	71.4	-1.2	100	2012-06-27	NA	0	81.6	https://doi.org/10.1029/2018GB006158	THORIUM_763
thorium234	71.4	-10.3	100	2012-06-28	NA	0	76.8	https://doi.org/10.1029/2018GB006158	THORIUM_762
thorium234	68.4	-10.3	100	2012-06-29	NA	0	153.6	https://doi.org/10.1029/2018GB006158	THORIUM_761
thorium234	67.5	-16.3	100	2012-06-30	NA	0	208.8	https://doi.org/10.1029/2018GB006158	THORIUM_758
thorium234	67.1	-24	100	2012-07-01	NA	0	226.8	https://doi.org/10.1029/2018GB006158	THORIUM_757
thorium234	-59.9	-53.1	100	2013-01-14	NA	0	103.2	https://doi.org/10.1029/2018GB006158	THORIUM_97
thorium234	-59.88	-49.4	100	2013-01-16	NA	0	64.8	https://doi.org/10.1029/2018GB006158	THORIUM_98
thorium234	-59.93	-45.28	100	2013-01-18	NA	0	385.2	https://doi.org/10.1029/2018GB006158	THORIUM_96
thorium234	-59.2	-43.75	100	2013-01-20	NA	0	500.4	https://doi.org/10.1029/2018GB006158	THORIUM_103
thorium234	-57.81	-42.81	100	2013-01-21	NA	0	238.8	https://doi.org/10.1029/2018GB006158	THORIUM_107
thorium234	-56.8	-42.25	100	2013-01-21	NA	0	134.4	https://doi.org/10.1029/2018GB006158	THORIUM_121
thorium234	-55.2	-41.3	100	2013-01-22	NA	0	39.6	https://doi.org/10.1029/2018GB006158	THORIUM_129
thorium234	-54.21	-40.8	100	2013-01-22	NA	0	38.4	https://doi.org/10.1029/2018GB006158	THORIUM_139
thorium234	-52.7	-40.5	100	2013-01-23	NA	0	258	https://doi.org/10.1029/2018GB006158	THORIUM_151
thorium234	-51.61	-39.56	100	2013-01-23	NA	0	267.6	https://doi.org/10.1029/2018GB006158	THORIUM_158
thorium234	-51.15	-37.48	100	2013-01-25	NA	0	376.8	https://doi.org/10.1029/2018GB006158	THORIUM_163
thorium234	-51.6	-34.7	100	2013-01-29	NA	0	187.2	https://doi.org/10.1029/2018GB006158	THORIUM_159
thorium234	-53.81	-29.18	100	2013-01-31	NA	0	318	https://doi.org/10.1029/2018GB006158	THORIUM_141
thorium234	-58.8	-25.91	100	2013-02-02	NA	0	127.2	https://doi.org/10.1029/2018GB006158	THORIUM_106
thorium234	-63.45	-25.28	100	2013-02-04	NA	0	102	https://doi.org/10.1029/2018GB006158	THORIUM_65
thorium234	-60	-29.48	100	2013-02-06	NA	0	388.8	https://doi.org/10.1029/2018GB006158	THORIUM_94
thorium234	-50.3	66.7	100	2011-10-26	NA	0	45.6	https://doi.org/10.1029/2018GB006158	THORIUM_173
thorium234	-50.6	72.1	100	2011-10-21	NA	0	42	https://doi.org/10.1029/2018GB006158	THORIUM_167
thorium234	-50.6	72.1	100	2011-11-17	NA	0	55.2	https://doi.org/10.1029/2018GB006158	THORIUM_168
thorium234	-48.5	74.7	100	2011-11-07	NA	0	49.2	https://doi.org/10.1029/2018GB006158	THORIUM_193
thorium234	-48.5	72.2	100	2011-10-31	NA	0	139.2	https://doi.org/10.1029/2018GB006158	THORIUM_192
thorium234	-48.7	72	100	2011-11-04	NA	0	141.6	https://doi.org/10.1029/2018GB006158	THORIUM_190
thorium234	-48.7	72.6	100	2011-11-14	NA	0	64.8	https://doi.org/10.1029/2018GB006158	THORIUM_191
thorium234	-48.4	71.9	100	2011-11-19	NA	0	92.4	https://doi.org/10.1029/2018GB006158	THORIUM_194
thorium234	-48.7	71.4	100	2011-11-12	NA	0	44.4	https://doi.org/10.1029/2018GB006158	THORIUM_189
thorium234	-51.8	-56.1	79	2011-01-15	NA	0	68.4	https://doi.org/10.1029/2018GB006158	THORIUM_157
thorium234	-46.26	-59.83	62	2011-01-18	NA	0	70.8	https://doi.org/10.1029/2018GB006158	THORIUM_209
thorium234	-45.67	-48.95	62	2011-01-21	NA	0	19.2	https://doi.org/10.1029/2018GB006158	THORIUM_224
thorium234	-40.95	-46	69	2011-01-23	NA	0	27.6	https://doi.org/10.1029/2018GB006158	THORIUM_281
thorium234	-36.52	-43.38	121	2011-01-25	NA	0	26.4	https://doi.org/10.1029/2018GB006158	THORIUM_288
thorium234	-42.21	-41.21	63	2011-01-27	NA	0	105.6	https://doi.org/10.1029/2018GB006158	THORIUM_277
thorium234	-51.36	-37.85	60	2011-01-30	NA	0	87.6	https://doi.org/10.1029/2018GB006158	THORIUM_162
thorium234	-59.25	-33.15	100	2011-02-02	NA	0	66	https://doi.org/10.1029/2018GB006158	THORIUM_102
thorium234	-57.28	-25.98	98	2011-02-04	NA	0	108	https://doi.org/10.1029/2018GB006158	THORIUM_110
thorium234	-53.65	-17.75	73	2011-02-06	NA	0	240	https://doi.org/10.1029/2018GB006158	THORIUM_142
thorium234	-50.4	-10.8	59	2011-02-08	NA	0	96	https://doi.org/10.1029/2018GB006158	THORIUM_171
thorium234	-46.31	-3.21	81	2011-02-10	NA	0	43.2	https://doi.org/10.1029/2018GB006158	THORIUM_206
thorium234	-42.63	3.34	76	2011-02-12	NA	0	25.2	https://doi.org/10.1029/2018GB006158	THORIUM_273
thorium234	-38.97	9.49	62	2011-02-14	NA	0	20.4	https://doi.org/10.1029/2018GB006158	THORIUM_285
thorium234	-36.94	39.6	78	2012-02-22	NA	0	36	https://doi.org/10.1029/2018GB006158	THORIUM_287
thorium234	-45.82	51.05	105	2012-02-27	NA	0	42	https://doi.org/10.1029/2018GB006158	THORIUM_223
thorium234	-46.84	58.25	90	2012-02-29	NA	0	24	https://doi.org/10.1029/2018GB006158	THORIUM_204
thorium234	-47.53	64.01	108	2012-03-01	NA	0	60	https://doi.org/10.1029/2018GB006158	THORIUM_200
thorium234	-49.3	71.32	81	2012-03-03	NA	0	49.2	https://doi.org/10.1029/2018GB006158	THORIUM_179
thorium234	-54.4	74.54	109	2012-03-05	NA	0	82.8	https://doi.org/10.1029/2018GB006158	THORIUM_134
thorium234	-59.71	77.73	93	2012-03-07	NA	0	38.4	https://doi.org/10.1029/2018GB006158	THORIUM_99
thorium234	-54.23	88.22	107	2012-03-10	NA	0	38.4	https://doi.org/10.1029/2018GB006158	THORIUM_138
thorium234	-49.81	94.13	113	2012-03-11	NA	0	18	https://doi.org/10.1029/2018GB006158	THORIUM_177
thorium234	-44.62	100.5	113	2012-03-14	NA	0	18	https://doi.org/10.1029/2018GB006158	THORIUM_237
thorium234	-40.1	105.34	102	2012-03-16	NA	0	13.2	https://doi.org/10.1029/2018GB006158	THORIUM_283
thorium234	-40.26	109.63	76	2012-03-17	NA	0	12	https://doi.org/10.1029/2018GB006158	THORIUM_282
thorium234	-42.08	113.4	92	2012-03-20	NA	0	33.6	https://doi.org/10.1029/2018GB006158	THORIUM_278
thorium234	-44	10	100	2012-01-12	NA	0	492	https://doi.org/10.1029/2018GB006158	THORIUM_249
thorium234	-46	10	100	2012-01-14	NA	0	420	https://doi.org/10.1029/2018GB006158	THORIUM_221
thorium234	-48	10	100	2012-01-16	NA	0	300	https://doi.org/10.1029/2018GB006158	THORIUM_196
thorium234	-50	10	100	2012-01-18	NA	0	420	https://doi.org/10.1029/2018GB006158	THORIUM_175
thorium234	-52	10	100	2012-01-20	NA	0	312	https://doi.org/10.1029/2018GB006158	THORIUM_155
thorium234	38.3	-9.7	113	2011-10-17	NA	0	50.4	https://doi.org/10.1029/2018GB006158	THORIUM_641
thorium234	36.8	-12.8	131	2010-10-19	NA	0	31.2	https://doi.org/10.1029/2018GB006158	THORIUM_637
thorium234	35.2	-16	116	2010-10-21	NA	0	12	https://doi.org/10.1029/2018GB006158	THORIUM_628
thorium234	33.1	-19	142	2010-10-23	NA	0	16.8	https://doi.org/10.1029/2018GB006158	THORIUM_627
thorium234	31	-22	164	2010-10-25	NA	0	13.2	https://doi.org/10.1029/2018GB006158	THORIUM_615
thorium234	24	-22	114	2010-10-29	NA	0	24	https://doi.org/10.1029/2018GB006158	THORIUM_552
thorium234	21	-22	144	2010-10-31	NA	0	25.2	https://doi.org/10.1029/2018GB006158	THORIUM_520
thorium234	17.4	-18.3	95	2010-11-02	NA	0	50.4	https://doi.org/10.1029/2018GB006158	THORIUM_502
thorium234	17.4	-20.8	101	2010-11-03	NA	0	33.6	https://doi.org/10.1029/2018GB006158	THORIUM_501
thorium234	17.7	-22.8	98	2010-11-04	NA	0	31.2	https://doi.org/10.1029/2018GB006158	THORIUM_503
thorium234	17.4	-24.5	118	2010-11-05	NA	0	7.2	https://doi.org/10.1029/2018GB006158	THORIUM_499
thorium234	39.7	-69.8	54	2011-11-08	NA	0	63.6	https://doi.org/10.1029/2018GB006158	THORIUM_651
thorium234	39.4	-69.5	73	2011-11-09	NA	0	76.8	https://doi.org/10.1029/2018GB006158	THORIUM_650
thorium234	38.7	-69.1	87	2011-11-10	NA	0	26.4	https://doi.org/10.1029/2018GB006158	THORIUM_643
thorium234	38.3	-68.9	157	2011-11-11	NA	0	4.8	https://doi.org/10.1029/2018GB006158	THORIUM_640
thorium234	38.1	-68.7	156	2011-11-12	NA	0	14.4	https://doi.org/10.1029/2018GB006158	THORIUM_639
thorium234	37.5	-68.4	106	2011-11-13	NA	0	33.6	https://doi.org/10.1029/2018GB006158	THORIUM_638
thorium234	35.4	-66.7	117	2011-11-14	NA	0	10.8	https://doi.org/10.1029/2018GB006158	THORIUM_629
thorium234	30.8	-60.8	155	2011-11-16	NA	0	14.4	https://doi.org/10.1029/2018GB006158	THORIUM_602
thorium234	29.7	-56.8	184	2011-11-18	NA	0	13.2	https://doi.org/10.1029/2018GB006158	THORIUM_560
thorium234	28.6	-53.2	182	2011-11-20	NA	0	12	https://doi.org/10.1029/2018GB006158	THORIUM_558
thorium234	27.6	-49.6	181	2011-11-21	NA	0	3.6	https://doi.org/10.1029/2018GB006158	THORIUM_557
thorium234	26.9	-47.2	191	2011-11-22	NA	0	10.8	https://doi.org/10.1029/2018GB006158	THORIUM_556
thorium234	26.1	-44.8	185	2011-11-24	NA	0	1.2	https://doi.org/10.1029/2018GB006158	THORIUM_555
thorium234	25.1	-42.5	186	2011-11-26	NA	0	4.8	https://doi.org/10.1029/2018GB006158	THORIUM_554
thorium234	24.2	-40.2	193	2011-11-28	NA	0	4.8	https://doi.org/10.1029/2018GB006158	THORIUM_553
thorium234	23.3	-38.1	172	2011-11-30	NA	0	7.2	https://doi.org/10.1029/2018GB006158	THORIUM_550
thorium234	22.3	-35.9	174	2011-12-02	NA	0	7.2	https://doi.org/10.1029/2018GB006158	THORIUM_526
thorium234	20.9	-32.6	126	2011-12-04	NA	0	10.8	https://doi.org/10.1029/2018GB006158	THORIUM_519
thorium234	19.4	-29.4	139	2011-12-06	NA	0	0	https://doi.org/10.1029/2018GB006158	THORIUM_514
thorium234	18.4	-26.8	140	2011-11-08	NA	0	19.2	https://doi.org/10.1029/2018GB006158	THORIUM_510
thorium234	17.4	-24.5	111	2011-12-10	NA	0	42	https://doi.org/10.1029/2018GB006158	THORIUM_500
thorium234	-49.6	-52.7	99	2011-03-03	NA	0	63.6	https://doi.org/10.1029/2018GB006158	THORIUM_178
thorium234	-49	-48.9	94	2011-03-05	NA	0	80.4	https://doi.org/10.1029/2018GB006158	THORIUM_183
thorium234	-46.9	-47.2	89	2011-03-07	NA	0	49.2	https://doi.org/10.1029/2018GB006158	THORIUM_203
thorium234	-44.7	-45.6	86	2011-03-09	NA	0	57.6	https://doi.org/10.1029/2018GB006158	THORIUM_235
thorium234	-42.4	-44	69	2011-03-11	NA	0	93.6	https://doi.org/10.1029/2018GB006158	THORIUM_274
thorium234	-40	-42.5	88	2011-03-13	NA	0	76.8	https://doi.org/10.1029/2018GB006158	THORIUM_284
thorium234	-37.8	-41.1	153	2011-03-15	NA	0	39.6	https://doi.org/10.1029/2018GB006158	THORIUM_286
thorium234	-35	-39.4	149	2011-03-17	NA	0	26.4	https://doi.org/10.1029/2018GB006158	THORIUM_290
thorium234	-32.1	-37.5	160	2011-03-19	NA	0	26.4	https://doi.org/10.1029/2018GB006158	THORIUM_293
thorium234	-29.1	-35.8	146	2011-03-21	NA	0	16.8	https://doi.org/10.1029/2018GB006158	THORIUM_294
thorium234	-26.1	-34.3	168	2011-03-23	NA	0	30	https://doi.org/10.1029/2018GB006158	THORIUM_295
thorium234	-22.5	-32.7	188	2011-03-25	NA	0	25.2	https://doi.org/10.1029/2018GB006158	THORIUM_297
thorium234	-17	-30.6	194	2011-03-27	NA	0	31.2	https://doi.org/10.1029/2018GB006158	THORIUM_304
thorium234	-12.9	-29.2	231	2011-03-29	NA	0	22.8	https://doi.org/10.1029/2018GB006158	THORIUM_306
thorium234	-9.2	-28	197	2011-03-31	NA	0	42	https://doi.org/10.1029/2018GB006158	THORIUM_318
thorium234	-5.7	-28.5	163	2011-04-03	NA	0	34.8	https://doi.org/10.1029/2018GB006158	THORIUM_326
thorium234	-2.6	-28.9	119	2011-04-05	NA	0	62.4	https://doi.org/10.1029/2018GB006158	THORIUM_338
thorium234	-0.2	-32.9	137	2011-04-07	NA	0	39.6	https://doi.org/10.1029/2018GB006158	THORIUM_360
thorium234	-20	-80	200	2010-02-02	NA	0	37.2	https://doi.org/10.1029/2018GB006158	THORIUM_301
thorium234	-20	-90	200	2010-02-06	NA	0	54	https://doi.org/10.1029/2018GB006158	THORIUM_300
thorium234	-20	-100	200	2010-02-11	NA	0	110.4	https://doi.org/10.1029/2018GB006158	THORIUM_298
thorium234	-10	-100	200	2010-02-16	NA	0	27.6	https://doi.org/10.1029/2018GB006158	THORIUM_313
thorium234	-10	-90	200	2010-02-20	NA	0	154.8	https://doi.org/10.1029/2018GB006158	THORIUM_315
thorium234	-10	-82	200	2010-02-27	NA	0	133.2	https://doi.org/10.1029/2018GB006158	THORIUM_316
thorium234	-20	-80	200	2010-03-01	NA	0	45.6	https://doi.org/10.1029/2018GB006158	THORIUM_302
thorium234	-20	-80	200	2011-03-28	NA	0	172.8	https://doi.org/10.1029/2018GB006158	THORIUM_303
thorium234	-20	-100	200	2011-04-13	NA	0	97.2	https://doi.org/10.1029/2018GB006158	THORIUM_299
thorium234	-10	-100	200	2011-04-08	NA	0	24	https://doi.org/10.1029/2018GB006158	THORIUM_314
thorium234	-10	-82	200	2011-04-01	NA	0	18	https://doi.org/10.1029/2018GB006158	THORIUM_317
thorium234	78.35	-74.32	100	1998-07-13	1998-07-13	0	127.2	10.1594/PANGAEA.809717	THORIUM_797
thorium234	78.02	-75.85	100	1998-07-19	1998-07-19	0	262.8	10.1594/PANGAEA.809717	THORIUM_794
thorium234	78.02	-75.85	100	1998-07-19	1998-07-19	0	328.8	10.1594/PANGAEA.809717	THORIUM_794
thorium234	77	-72.65	100	1998-07-18	1998-07-18	0	127.2	10.1594/PANGAEA.809717	THORIUM_788
thorium234	76.28	-74.39	100	1998-07-04	1998-07-04	0	454.8	10.1594/PANGAEA.809717	THORIUM_782
thorium234	76.28	-74.39	100	1998-07-04	1998-07-04	0	544.8	10.1594/PANGAEA.809717	THORIUM_782
thorium234	76.42	-77.34	100	1998-07-08	1998-07-08	0	327.6	10.1594/PANGAEA.809717	THORIUM_785
thorium234	76.42	-77.34	100	1998-07-08	1998-07-08	0	530.4	10.1594/PANGAEA.809717	THORIUM_785
thorium234	78.02	-75.85	100	1999-09-02	1999-09-02	0	48	10.1594/PANGAEA.809717	THORIUM_795
thorium234	76.02	-73.31	100	1999-08-31	1999-08-31	0	81.6	10.1594/PANGAEA.809717	THORIUM_779
thorium234	77	-72.66	100	1999-09-05	1999-09-05	0	75.6	10.1594/PANGAEA.809717	THORIUM_787
thorium234	77	-72.66	100	1999-08-05	1999-08-05	0	70.8	10.1594/PANGAEA.809717	THORIUM_786
thorium234	76.28	-71.99	100	1999-09-07	1999-09-07	0	63.6	10.1594/PANGAEA.809717	THORIUM_784
thorium234	76.28	-71.99	100	1999-09-07	1999-09-07	0	76.8	10.1594/PANGAEA.809717	THORIUM_784
thorium234	76.28	-74.39	100	1999-08-28	1999-08-28	0	61.2	10.1594/PANGAEA.809717	THORIUM_783
thorium234	0	-140	120	1992-03-24	1992-04-09	16	22.8	10.1594/PANGAEA.809717	THORIUM_365
thorium234	0	-140	120	1992-08-03	1992-08-18	15	28.8	10.1594/PANGAEA.809717	THORIUM_369
thorium234	22.5	61.2	100	1995-01-08	1995-02-04	27	13.2	10.1594/PANGAEA.809717	THORIUM_529
thorium234	21.2	63.5	100	1995-01-08	1995-02-04	27	34.8	10.1594/PANGAEA.809717	THORIUM_521
thorium234	19.9	65.9	100	1995-01-08	1995-02-04	27	18	10.1594/PANGAEA.809717	THORIUM_515
thorium234	19.2	67.2	100	1995-01-08	1995-02-04	27	12	10.1594/PANGAEA.809717	THORIUM_511
thorium234	17.3	67.9	100	1995-01-08	1995-02-04	27	20.4	10.1594/PANGAEA.809717	THORIUM_496
thorium234	16.3	68.4	100	1995-01-08	1995-02-04	27	31.2	10.1594/PANGAEA.809717	THORIUM_486
thorium234	10	64.9	100	1995-01-08	1995-02-04	27	7.2	10.1594/PANGAEA.809717	THORIUM_450
thorium234	12.1	65	100	1995-01-08	1995-02-04	27	49.2	10.1594/PANGAEA.809717	THORIUM_466
thorium234	14.4	65	100	1995-01-08	1995-02-04	27	52.8	10.1594/PANGAEA.809717	THORIUM_475
thorium234	16	62	100	1995-01-08	1995-02-04	27	48	10.1594/PANGAEA.809717	THORIUM_482
thorium234	17.2	59.8	100	1995-01-08	1995-02-04	27	43.2	10.1594/PANGAEA.809717	THORIUM_492
thorium234	17.7	58.8	100	1995-01-08	1995-02-04	27	84	10.1594/PANGAEA.809717	THORIUM_504
thorium234	18.1	58	100	1995-01-08	1995-02-04	27	81.6	10.1594/PANGAEA.809717	THORIUM_508
thorium234	22.5	61.2	100	1995-03-14	1995-04-10	27	87.6	10.1594/PANGAEA.809717	THORIUM_530
thorium234	21.2	63.5	100	1995-03-14	1995-04-10	27	96	10.1594/PANGAEA.809717	THORIUM_522
thorium234	19.9	65.9	100	1995-03-14	1995-04-10	27	102	10.1594/PANGAEA.809717	THORIUM_516
thorium234	19.2	67.2	100	1995-03-14	1995-04-10	27	61.2	10.1594/PANGAEA.809717	THORIUM_512
thorium234	17.3	67.9	100	1995-03-14	1995-04-10	27	28.8	10.1594/PANGAEA.809717	THORIUM_497
thorium234	16.3	68.4	100	1995-03-14	1995-04-10	27	24	10.1594/PANGAEA.809717	THORIUM_487
thorium234	10	64.9	100	1995-03-14	1995-04-10	27	32.4	10.1594/PANGAEA.809717	THORIUM_451
thorium234	12.1	65	100	1995-03-14	1995-04-10	27	3.6	10.1594/PANGAEA.809717	THORIUM_467
thorium234	14.4	65	100	1995-03-14	1995-04-10	27	34.8	10.1594/PANGAEA.809717	THORIUM_476
thorium234	15.3	63.5	100	1995-03-14	1995-04-10	27	36	10.1594/PANGAEA.809717	THORIUM_479
thorium234	16	62	100	1995-03-14	1995-04-10	27	10.8	10.1594/PANGAEA.809717	THORIUM_483
thorium234	17.2	59.8	100	1995-03-14	1995-04-10	27	52.8	10.1594/PANGAEA.809717	THORIUM_493
thorium234	17.7	58.8	100	1995-03-14	1995-04-10	27	37.2	10.1594/PANGAEA.809717	THORIUM_505
thorium234	18.1	58	100	1995-03-14	1995-04-10	27	76.8	10.1594/PANGAEA.809717	THORIUM_509
thorium234	22.5	61.2	100	1995-07-17	1995-08-15	29	48	10.1594/PANGAEA.809717	THORIUM_531
thorium234	21.2	63.5	100	1995-07-17	1995-08-15	29	24	10.1594/PANGAEA.809717	THORIUM_523
thorium234	19.9	65.9	100	1995-07-17	1995-08-15	29	9.6	10.1594/PANGAEA.809717	THORIUM_517
thorium234	19.2	67.2	100	1995-07-17	1995-08-15	29	31.2	10.1594/PANGAEA.809717	THORIUM_513
thorium234	16.3	68.4	100	1995-07-17	1995-08-15	29	18	10.1594/PANGAEA.809717	THORIUM_488
thorium234	10	64.9	100	1995-07-17	1995-08-15	29	22.8	10.1594/PANGAEA.809717	THORIUM_452
thorium234	12.1	65	100	1995-07-17	1995-08-15	29	31.2	10.1594/PANGAEA.809717	THORIUM_468
thorium234	14.4	65	100	1995-07-17	1995-08-15	29	36	10.1594/PANGAEA.809717	THORIUM_477
thorium234	15.3	63.5	100	1995-07-17	1995-08-15	29	90	10.1594/PANGAEA.809717	THORIUM_480
thorium234	16	62	100	1995-07-17	1995-08-15	29	49.2	10.1594/PANGAEA.809717	THORIUM_484
thorium234	16.4	61.5	100	1995-07-17	1995-08-15	29	94.8	10.1594/PANGAEA.809717	THORIUM_490
thorium234	17.2	59.8	100	1995-07-17	1995-08-15	29	141.6	10.1594/PANGAEA.809717	THORIUM_494
thorium234	17.7	58.8	100	1995-07-17	1995-08-15	29	205.2	10.1594/PANGAEA.809717	THORIUM_506
thorium234	22.5	60	100	1995-08-17	1995-09-15	29	150	10.1594/PANGAEA.809717	THORIUM_528
thorium234	22.5	61.2	100	1995-08-17	1995-09-15	29	76.8	10.1594/PANGAEA.809717	THORIUM_532
thorium234	21.2	63.5	100	1995-08-17	1995-09-15	29	165.6	10.1594/PANGAEA.809717	THORIUM_524
thorium234	19.9	65.9	100	1995-08-17	1995-09-15	29	132	10.1594/PANGAEA.809717	THORIUM_518
thorium234	17.3	67.9	100	1995-08-17	1995-09-15	29	30	10.1594/PANGAEA.809717	THORIUM_498
thorium234	16.3	68.4	100	1995-08-17	1995-09-15	29	151.2	10.1594/PANGAEA.809717	THORIUM_489
thorium234	10	64.9	100	1995-08-17	1995-09-15	29	135.6	10.1594/PANGAEA.809717	THORIUM_453
thorium234	12.1	65	100	1995-08-17	1995-09-15	29	159.6	10.1594/PANGAEA.809717	THORIUM_469
thorium234	14.4	65	100	1995-08-17	1995-09-15	29	284.4	10.1594/PANGAEA.809717	THORIUM_478
thorium234	15.3	63.5	100	1995-08-17	1995-09-15	29	184.8	10.1594/PANGAEA.809717	THORIUM_481
thorium234	16	62	100	1995-08-17	1995-09-15	29	304.8	10.1594/PANGAEA.809717	THORIUM_485
thorium234	16.4	61.5	100	1995-08-17	1995-09-15	29	235.2	10.1594/PANGAEA.809717	THORIUM_491
thorium234	17.2	59.8	100	1995-08-17	1995-09-15	29	235.2	10.1594/PANGAEA.809717	THORIUM_495
thorium234	17.7	58.8	100	1995-08-17	1995-09-15	29	309.6	10.1594/PANGAEA.809717	THORIUM_507
thorium234	0	-170	100	1992-04-15	1992-05-15	30.4375	33	10.1594/PANGAEA.809717	THORIUM_362
thorium234	0	-140	100	1992-04-15	1992-05-15	30.4375	30	10.1594/PANGAEA.809717	THORIUM_367
thorium234	0	-125	100	1992-04-15	1992-05-15	30.4375	33	10.1594/PANGAEA.809717	THORIUM_374
thorium234	0	-110	100	1992-04-15	1992-05-15	30.4375	27	10.1594/PANGAEA.809717	THORIUM_378
thorium234	0	-140	100	1992-09-15	1992-09-15	0	30	10.1594/PANGAEA.809717	THORIUM_372
thorium234	0	-125	100	1992-09-15	1992-09-15	0	27	10.1594/PANGAEA.809717	THORIUM_375
thorium234	0	-110	100	1992-09-15	1992-09-15	0	36	10.1594/PANGAEA.809717	THORIUM_379
thorium234	0	-95	100	1992-09-15	1992-09-15	0	60	10.1594/PANGAEA.809717	THORIUM_381
thorium234	0	-140	100	1992-02-23	1992-02-23	0	72	10.1594/PANGAEA.809717	THORIUM_364
thorium234	0	-140	100	1992-04-09	1992-05-24	45.4375	24	10.1594/PANGAEA.809717	THORIUM_366
thorium234	0	-140	100	1992-04-30	1992-04-30	0	32.4	10.1594/PANGAEA.809717	THORIUM_368
thorium234	0	-140	100	1992-08-28	1992-08-28	0	114	10.1594/PANGAEA.809717	THORIUM_370
thorium234	0	-140	100	1992-09-03	1992-09-21	18	33.6	10.1594/PANGAEA.809717	THORIUM_371
thorium234	-50	-5	100	1992-11-15	1992-11-15	0	108	10.1594/PANGAEA.809717	THORIUM_174
thorium234	-60	-5	100	1992-11-15	1992-11-15	0	240	10.1594/PANGAEA.809717	THORIUM_95
thorium234	-67.6	-84.93	100	1992-11-15	1992-11-15	0	168	10.1594/PANGAEA.809717	THORIUM_38
thorium234	-57	-170	100	1997-09-24	1997-11-04	41.4375	174	10.1594/PANGAEA.809717	THORIUM_111
thorium234	-60	-170	100	1997-09-24	1997-11-04	41.4375	159.6	10.1594/PANGAEA.809717	THORIUM_91
thorium234	-62.5	-170	100	1997-09-24	1997-11-04	41.4375	196.8	10.1594/PANGAEA.809717	THORIUM_71
thorium234	-52.5	-170	100	1997-12-04	1997-12-25	21	127.2	10.1594/PANGAEA.809717	THORIUM_152
thorium234	-57	-170	100	1997-12-04	1997-12-25	21	66	10.1594/PANGAEA.809717	THORIUM_113
thorium234	-60	-170	100	1997-12-04	1997-12-25	21	166.8	10.1594/PANGAEA.809717	THORIUM_92
thorium234	-63.5	-170	100	1997-12-04	1997-12-25	21	132	10.1594/PANGAEA.809717	THORIUM_61
thorium234	-63.5	-170	100	1998-01-13	1998-01-28	15	274.8	10.1594/PANGAEA.809717	THORIUM_62
thorium234	-67	-170	100	1998-01-13	1998-01-28	15	192	10.1594/PANGAEA.809717	THORIUM_40
thorium234	-52.5	-170	100	1998-02-15	1998-02-16	1	111.6	10.1594/PANGAEA.809717	THORIUM_153
thorium234	-57	-170	100	1998-02-15	1998-02-16	1	192	10.1594/PANGAEA.809717	THORIUM_114
thorium234	-60	-170	100	1998-02-15	1998-02-16	1	141.6	10.1594/PANGAEA.809717	THORIUM_93
thorium234	-63.5	-170	100	1998-02-15	1998-02-16	1	139.2	10.1594/PANGAEA.809717	THORIUM_63
thorium234	-67	-170	100	1998-02-15	1998-02-16	1	232.8	10.1594/PANGAEA.809717	THORIUM_41
thorium234	-70	-170	100	1998-02-15	1998-02-16	1	532.8	10.1594/PANGAEA.809717	THORIUM_29
thorium234	-60.5	-169	100	1997-11-01	1997-11-01	0	182.07	10.1594/PANGAEA.809717	THORIUM_85
thorium234	-59.33	-169	100	1997-11-04	1997-11-04	0	137.18	10.1594/PANGAEA.809717	THORIUM_100
thorium234	-53.03	-174.73	100	1997-12-04	1997-12-04	0	126.87	10.1594/PANGAEA.809717	THORIUM_143
thorium234	-56.84	-174.15	100	1997-12-07	1997-12-07	0	62.87	10.1594/PANGAEA.809717	THORIUM_119
thorium234	-60.23	-170.07	100	1997-12-10	1997-12-10	0	110.25	10.1594/PANGAEA.809717	THORIUM_86
thorium234	-60.92	-169.25	100	1997-12-12	1997-12-12	0	224.73	10.1594/PANGAEA.809717	THORIUM_82
thorium234	-61.67	-168.83	100	1997-12-14	1997-12-14	0	109.1	10.1594/PANGAEA.809717	THORIUM_80
thorium234	-64.15	-169.19	100	1997-12-16	1997-12-16	0	77.83	10.1594/PANGAEA.809717	THORIUM_59
thorium234	-64.67	-169.19	100	1997-12-18	1997-12-18	0	189.4	10.1594/PANGAEA.809717	THORIUM_56
thorium234	-63.09	-169.19	100	1997-12-19	1997-12-19	0	153.37	10.1594/PANGAEA.809717	THORIUM_69
thorium234	-55.67	-171.19	100	1997-12-25	1997-12-25	0	63.18	10.1594/PANGAEA.809717	THORIUM_127
thorium234	-67.78	-170.11	100	1998-01-17	1998-01-17	0	191.49	10.1594/PANGAEA.809717	THORIUM_37
thorium234	-64.83	-170.1	100	1998-01-18	1998-01-18	0	317.02	10.1594/PANGAEA.809717	THORIUM_50
thorium234	-62.03	-170.1	100	1998-01-20	1998-01-20	0	266.54	10.1594/PANGAEA.809717	THORIUM_73
thorium234	-62	-170.1	100	1998-01-25	1998-01-25	0	127.3	10.1594/PANGAEA.809717	THORIUM_74
thorium234	-65.17	-170.1	100	1998-01-28	1998-01-28	0	437.43	10.1594/PANGAEA.809717	THORIUM_48
thorium234	-52.98	-174.73	100	1998-02-16	1998-02-16	0	156.77	10.1594/PANGAEA.809717	THORIUM_150
thorium234	-56.85	-171.51	100	1998-02-20	1998-02-20	0	192.47	10.1594/PANGAEA.809717	THORIUM_117
thorium234	-60.23	-170.07	100	1998-02-22	1998-02-22	0	141.42	10.1594/PANGAEA.809717	THORIUM_87
thorium234	-63.08	-169.88	100	1998-02-24	1998-02-24	0	210.25	10.1594/PANGAEA.809717	THORIUM_70
thorium234	-66.1	-168.67	100	1998-02-28	1998-02-28	0	233.19	10.1594/PANGAEA.809717	THORIUM_45
thorium234	-70.4	-165.91	100	1998-03-03	1998-03-03	0	465.28	10.1594/PANGAEA.809717	THORIUM_27
thorium234	-69.3	-168.45	100	1998-03-06	1998-03-06	0	586.16	10.1594/PANGAEA.809717	THORIUM_32
thorium234	-64.7	-169.33	100	1998-03-08	1998-03-08	0	183.29	10.1594/PANGAEA.809717	THORIUM_55
thorium234	-61.67	-170.1	100	1998-03-11	1998-03-11	0	50.18	10.1594/PANGAEA.809717	THORIUM_79
thorium234	-54.33	-173.33	100	1998-03-15	1998-03-15	0	58.84	10.1594/PANGAEA.809717	THORIUM_135
thorium234	-53	-170	100	1997-12-04	1997-12-04	0	132	10.1594/PANGAEA.809717	THORIUM_145
thorium234	-53	-170	100	1998-02-15	1998-02-15	0	156	10.1594/PANGAEA.809717	THORIUM_146
thorium234	-54.3	-170	100	1998-03-13	1998-03-13	0	60	10.1594/PANGAEA.809717	THORIUM_136
thorium234	-57	-170	100	1997-10-23	1997-10-23	0	180	10.1594/PANGAEA.809717	THORIUM_112
thorium234	-56.8	-170	100	1997-12-06	1997-12-06	0	60	10.1594/PANGAEA.809717	THORIUM_120
thorium234	-55.7	-170	100	1997-12-25	1997-12-25	0	60	10.1594/PANGAEA.809717	THORIUM_126
thorium234	-56.9	-170	100	1998-02-17	1998-02-17	0	192	10.1594/PANGAEA.809717	THORIUM_116
thorium234	-60.5	-170	100	1997-10-31	1997-10-31	0	180	10.1594/PANGAEA.809717	THORIUM_84
thorium234	-59.3	-170	100	1997-11-03	1997-11-03	0	132	10.1594/PANGAEA.809717	THORIUM_101
thorium234	-60.2	-170	100	1997-12-10	1997-12-10	0	108	10.1594/PANGAEA.809717	THORIUM_88
thorium234	-60.9	-170	100	1997-12-11	1997-12-11	0	228	10.1594/PANGAEA.809717	THORIUM_83
thorium234	-62	-170	100	1998-01-24	1998-01-24	0	132	10.1594/PANGAEA.809717	THORIUM_76
thorium234	-60.2	-170	100	1998-02-20	1998-02-20	0	144	10.1594/PANGAEA.809717	THORIUM_89
thorium234	-62.4	-170	100	1997-10-27	1997-10-27	0	192	10.1594/PANGAEA.809717	THORIUM_72
thorium234	-61.7	-170	100	1997-12-13	1997-12-13	0	108	10.1594/PANGAEA.809717	THORIUM_77
thorium234	-64.2	-170	100	1997-12-16	1997-12-16	0	72	10.1594/PANGAEA.809717	THORIUM_58
thorium234	-64.7	-170	100	1997-12-17	1997-12-17	0	192	10.1594/PANGAEA.809717	THORIUM_53
thorium234	-63.1	-170	100	1997-12-18	1997-12-18	0	156	10.1594/PANGAEA.809717	THORIUM_67
thorium234	-64.8	-170	100	1998-01-17	1998-01-17	0	372	10.1594/PANGAEA.809717	THORIUM_51
thorium234	-62	-170	100	1998-01-19	1998-01-19	0	264	10.1594/PANGAEA.809717	THORIUM_75
thorium234	-65.2	-170	100	1998-01-27	1998-01-27	0	432	10.1594/PANGAEA.809717	THORIUM_47
thorium234	-63.1	-170	100	1998-02-23	1998-02-23	0	216	10.1594/PANGAEA.809717	THORIUM_68
thorium234	-64.7	-170	100	1998-03-07	1998-03-07	0	180	10.1594/PANGAEA.809717	THORIUM_54
thorium234	-61.7	-170	100	1998-03-09	1998-03-09	0	48	10.1594/PANGAEA.809717	THORIUM_78
thorium234	-67.8	-170	100	1998-01-16	1998-01-16	0	192	10.1594/PANGAEA.809717	THORIUM_36
thorium234	-66.1	-170	100	1998-02-26	1998-02-26	0	240	10.1594/PANGAEA.809717	THORIUM_44
thorium234	-70.4	-170	100	1998-03-02	1998-03-02	0	456	10.1594/PANGAEA.809717	THORIUM_26
thorium234	-69.3	-170	100	1998-03-04	1998-03-04	0	588	10.1594/PANGAEA.809717	THORIUM_31
thorium234	-33	-40	100	1996-05-15	1996-06-15	30.4375	142.68	10.1594/PANGAEA.809717	THORIUM_291
thorium234	-16.3	-25	100	1996-05-15	1996-06-15	30.4375	37.92	10.1594/PANGAEA.809717	THORIUM_305
thorium234	8	-45	100	1996-05-15	1996-06-15	30.4375	270.6	10.1594/PANGAEA.809717	THORIUM_430
thorium234	6	-48	100	1996-05-15	1996-06-15	30.4375	457.8	10.1594/PANGAEA.809717	THORIUM_413
thorium234	8	-45	100	1996-05-15	1996-06-15	30.4375	223.07	10.1594/PANGAEA.809717	THORIUM_430
thorium234	5.75	-31	100	1996-05-15	1996-06-15	30.4375	195.96	10.1594/PANGAEA.809717	THORIUM_412
thorium234	4.5	-22	100	1996-05-15	1996-06-15	30.4375	337.8	10.1594/PANGAEA.809717	THORIUM_403
thorium234	-2.5	-21	100	1996-05-15	1996-06-15	30.4375	515.28	10.1594/PANGAEA.809717	THORIUM_340
thorium234	-4.5	-22	100	1996-05-15	1996-06-15	30.4375	276.72	10.1594/PANGAEA.809717	THORIUM_335
thorium234	50	-145	110	1996-02-15	1996-02-15	0	33.6	10.1594/PANGAEA.809717	THORIUM_711
thorium234	50	-145	110	1996-05-15	1996-05-15	0	85.2	10.1594/PANGAEA.809717	THORIUM_712
thorium234	50	-145	110	1996-08-15	1996-08-15	0	91.2	10.1594/PANGAEA.809717	THORIUM_713
thorium234	44	-63.5	100	1997-08-29	1997-09-16	18	168	10.1594/PANGAEA.809717	THORIUM_661
thorium234	41.7	-61	100	1997-08-29	1997-09-16	18	94.8	10.1594/PANGAEA.809717	THORIUM_653
thorium234	41.7	-65.5	100	1997-08-29	1997-09-16	18	264	10.1594/PANGAEA.809717	THORIUM_652
thorium234	42.8	-65.8	100	1997-08-29	1997-09-16	18	204	10.1594/PANGAEA.809717	THORIUM_655
thorium234	43.2	-67.5	100	1997-08-29	1997-09-16	18	360	10.1594/PANGAEA.809717	THORIUM_656
thorium234	42	-69.3	100	1997-08-29	1997-09-16	18	204	10.1594/PANGAEA.809717	THORIUM_654
thorium234	44.8	-59	100	1997-08-29	1997-09-16	18	50.4	10.1594/PANGAEA.809717	THORIUM_666
thorium234	75.09	-161.58	100	1999-08-15	1999-08-15	0	12	10.1594/PANGAEA.809717	THORIUM_776
thorium234	56.36	-166.27	100	1999-08-15	1999-08-15	0	164.4	10.1594/PANGAEA.809717	THORIUM_723
thorium234	56	-165.45	100	1999-08-15	1999-08-15	0	154.8	10.1594/PANGAEA.809717	THORIUM_722
thorium234	55.76	-164.75	100	1999-08-15	1999-08-15	0	118.8	10.1594/PANGAEA.809717	THORIUM_721
thorium234	-76.5	-175.6	100	1997-01-19	1997-11-02	287.9375	151.2	10.1594/PANGAEA.809717	THORIUM_5
thorium234	-76.5	-175.6	100	1997-01-01	1997-01-19	18	603.6	10.1594/PANGAEA.809717	THORIUM_3
thorium234	-76.5	-175.6	100	1997-02-01	1997-02-14	13	176.4	10.1594/PANGAEA.809717	THORIUM_7
thorium234	-76.5	-175.6	100	1997-04-14	1997-04-23	9	30	10.1594/PANGAEA.809717	THORIUM_9
thorium234	-76.5	165.8	100	1996-10-23	1997-01-13	81.875	273.6	10.1594/PANGAEA.809717	THORIUM_15
thorium234	-76.5	165.8	100	1997-01-13	1997-02-08	26	1018.8	10.1594/PANGAEA.809717	THORIUM_16
thorium234	-76.5	165.8	100	1997-02-08	1997-02-18	10	643.2	10.1594/PANGAEA.809717	THORIUM_17
thorium234	-73.5	175.4	100	1997-01-24	1997-04-13	80.875	193.2	10.1594/PANGAEA.809717	THORIUM_21
thorium234	-76.5	-175.6	100	1996-10-18	1996-10-18	0	19.2	10.1594/PANGAEA.809717	THORIUM_1
thorium234	-76.5	-175.6	100	1996-11-02	1996-11-02	0	46.8	10.1594/PANGAEA.809717	THORIUM_2
thorium234	-76.5	-175.6	100	1997-01-19	1997-01-19	0	88.8	10.1594/PANGAEA.809717	THORIUM_4
thorium234	-76.5	-175.6	100	1997-02-01	1997-02-01	0	386.4	10.1594/PANGAEA.809717	THORIUM_6
thorium234	-76.5	-165.8	100	1997-01-13	1997-01-13	0	358.8	10.1594/PANGAEA.809717	THORIUM_11
thorium234	-76.5	-165.8	100	1997-02-08	1997-02-08	0	1092	10.1594/PANGAEA.809717	THORIUM_12
thorium234	-73.5	-175.4	100	1997-01-24	1997-01-24	0	142.8	10.1594/PANGAEA.809717	THORIUM_18
thorium234	-76.5	-175.6	100	1997-04-14	1997-04-14	0	170.4	10.1594/PANGAEA.809717	THORIUM_8
thorium234	-76.5	-175.6	100	1997-04-23	1997-04-23	0	38.4	10.1594/PANGAEA.809717	THORIUM_10
thorium234	-76.5	-165.8	100	1997-04-18	1997-04-18	0	226.8	10.1594/PANGAEA.809717	THORIUM_13
thorium234	-76.5	-165.8	100	1997-04-27	1997-04-27	0	102	10.1594/PANGAEA.809717	THORIUM_14
thorium234	-73.5	-175.4	100	1997-04-13	1997-04-13	0	260.4	10.1594/PANGAEA.809717	THORIUM_19
thorium234	-73.5	-175.4	100	1997-04-30	1997-04-30	0	27.6	10.1594/PANGAEA.809717	THORIUM_20
thorium234	-46.01	63.06	100	1999-01-15	1999-02-15	30.4375	30.36	10.1594/PANGAEA.809717	THORIUM_220
thorium234	-45.66	63.11	100	1999-01-15	1999-02-15	30.4375	12.12	10.1594/PANGAEA.809717	THORIUM_225
thorium234	-45.19	63.08	100	1999-01-15	1999-02-15	30.4375	27	10.1594/PANGAEA.809717	THORIUM_230
thorium234	-44.84	62.88	100	1999-01-15	1999-02-15	30.4375	1.2	10.1594/PANGAEA.809717	THORIUM_234
thorium234	-44.33	62.53	100	1999-01-15	1999-02-15	30.4375	3	10.1594/PANGAEA.809717	THORIUM_244
thorium234	-44.07	63.73	100	1999-01-15	1999-02-15	30.4375	11.52	10.1594/PANGAEA.809717	THORIUM_247
thorium234	-44.01	64.73	100	1999-01-15	1999-02-15	30.4375	11.88	10.1594/PANGAEA.809717	THORIUM_248
thorium234	-42.91	63.08	100	1999-01-15	1999-02-15	30.4375	11.28	10.1594/PANGAEA.809717	THORIUM_266
thorium234	-47	-6	100	1996-10-15	1996-11-15	30.4375	1009.56	10.1594/PANGAEA.809717	THORIUM_202
thorium234	-49	-6	100	1996-10-15	1996-11-15	30.4375	168.72	10.1594/PANGAEA.809717	THORIUM_186
thorium234	-51	-6	100	1996-10-15	1996-11-15	30.4375	208.32	10.1594/PANGAEA.809717	THORIUM_166
thorium234	-53	-6	100	1996-10-15	1996-11-15	30.4375	452.4	10.1594/PANGAEA.809717	THORIUM_149
thorium234	-55	-6	100	1996-10-15	1996-11-15	30.4375	290.52	10.1594/PANGAEA.809717	THORIUM_132
thorium234	-56.5	-6	100	1996-10-15	1996-11-15	30.4375	464.52	10.1594/PANGAEA.809717	THORIUM_124
thorium234	51	165	100	2003-02-27	2003-02-27	0	0	10.1594/PANGAEA.809717	THORIUM_716
thorium234	47	160	100	2003-02-25	2003-02-25	0	64.95	10.1594/PANGAEA.809717	THORIUM_677
thorium234	39	160	100	2003-03-08	2003-03-08	0	19.98	10.1594/PANGAEA.809717	THORIUM_646
thorium234	39	160	100	2003-02-24	2003-02-24	0	27.98	10.1594/PANGAEA.809717	THORIUM_645
thorium234	51	165	100	2004-04-06	2004-04-06	0	31.97	10.1594/PANGAEA.809717	THORIUM_718
thorium234	47	160	100	2004-04-08	2004-04-08	0	53.96	10.1594/PANGAEA.809717	THORIUM_680
thorium234	44	155	100	2004-04-09	2004-04-09	0	29.98	10.1594/PANGAEA.809717	THORIUM_664
thorium234	47	160	100	2004-05-27	2004-05-27	0	91.92	10.1594/PANGAEA.809717	THORIUM_681
thorium234	39	160	100	2004-05-30	2004-05-30	0	97.92	10.1594/PANGAEA.809717	THORIUM_649
thorium234	47	160	100	2003-07-11	2003-07-11	0	178.85	10.1594/PANGAEA.809717	THORIUM_678
thorium234	39	160	100	2003-07-13	2003-07-13	0	127.89	10.1594/PANGAEA.809717	THORIUM_647
thorium234	44	155	100	2003-07-09	2003-07-09	0	152.87	10.1594/PANGAEA.809717	THORIUM_662
thorium234	51	165	100	2004-08-21	2004-08-21	0	103.91	10.1594/PANGAEA.809717	THORIUM_719
thorium234	47	160	100	2003-10-04	2003-10-04	0	86.93	10.1594/PANGAEA.809717	THORIUM_679
thorium234	44	155	100	2004-10-07	2004-10-07	0	126.89	10.1594/PANGAEA.809717	THORIUM_665
thorium234	51	165	100	2003-09-27	2003-09-27	0	83.93	10.1594/PANGAEA.809717	THORIUM_717
thorium234	47	160	100	2003-10-04	2003-10-04	0	67.94	10.1594/PANGAEA.809717	THORIUM_679
thorium234	39	160	100	2003-10-07	2003-10-07	0	24.98	10.1594/PANGAEA.809717	THORIUM_648
thorium234	51	165	100	2002-10-16	2002-10-16	0	62.95	10.1594/PANGAEA.809717	THORIUM_715
thorium234	47	160	100	2002-10-21	2002-10-21	0	76.94	10.1594/PANGAEA.809717	THORIUM_676
thorium234	39	160	100	2002-10-28	2002-10-28	0	67.94	10.1594/PANGAEA.809717	THORIUM_644
thorium234	44	155	100	2003-11-04	2003-11-04	0	120.9	10.1594/PANGAEA.809717	THORIUM_663
thorium234	75.53	30.27	120	2003-07-10	2003-07-10	0	745.2	10.1594/PANGAEA.809717	THORIUM_777
thorium234	78.22	27.32	120	2003-07-13	2003-07-13	0	98.4	10.1594/PANGAEA.809717	THORIUM_796
thorium234	79.03	25.68	120	2003-07-15	2003-07-15	0	252	10.1594/PANGAEA.809717	THORIUM_800
thorium234	77.05	29.15	120	2003-07-18	2003-07-18	0	1504.8	10.1594/PANGAEA.809717	THORIUM_789
thorium234	81.12	16.32	120	2005-05-20	2005-05-20	0	630	10.1594/PANGAEA.809717	THORIUM_803
thorium234	77.13	29.93	120	2005-05-25	2005-05-25	0	1321.2	10.1594/PANGAEA.809717	THORIUM_790
thorium234	77.42	41.03	120	2005-05-28	2005-05-28	0	487.2	10.1594/PANGAEA.809717	THORIUM_791
thorium234	75.67	31.78	120	2005-05-31	2005-05-31	0	795.6	10.1594/PANGAEA.809717	THORIUM_778
thorium234	72.64	-158.68	100	2004-05-30	2004-05-30	0	44.4	10.1594/PANGAEA.809717	THORIUM_770
thorium234	72.72	-158.4	100	2004-05-31	2004-05-31	0	0	10.1594/PANGAEA.809717	THORIUM_771
thorium234	71.99	-154.72	100	2004-06-13	2004-06-13	0	732	10.1594/PANGAEA.809717	THORIUM_768
thorium234	71.91	-154.99	100	2004-06-16	2004-06-16	0	266.4	10.1594/PANGAEA.809717	THORIUM_766
thorium234	71.91	-154.99	100	2004-07-25	2004-07-25	0	523.2	10.1594/PANGAEA.809717	THORIUM_767
thorium234	72.21	-153.93	100	2004-07-28	2004-07-28	0	202.8	10.1594/PANGAEA.809717	THORIUM_769
thorium234	72.85	-158.21	100	2004-08-13	2004-08-13	0	27.6	10.1594/PANGAEA.809717	THORIUM_772
thorium234	73.13	-157.79	100	2004-08-15	2004-08-15	0	33.6	10.1594/PANGAEA.809717	THORIUM_773
thorium234	55.26	-53.98	100	1999-07-15	1999-07-15	0	360	10.1594/PANGAEA.809717	THORIUM_720
thorium234	58.22	-50.8	100	1999-07-15	1999-07-15	0	456	10.1594/PANGAEA.809717	THORIUM_726
thorium234	60.29	-48.54	100	1999-07-15	1999-07-15	0	564	10.1594/PANGAEA.809717	THORIUM_745
thorium234	-43.93	50.26	100	2004-11-10	2004-11-10	0	225.6	10.1594/PANGAEA.809717	THORIUM_251
thorium234	-46.06	51.79	100	2004-11-12	2004-11-12	0	162	10.1594/PANGAEA.809717	THORIUM_215
thorium234	-46.04	51.8	100	2004-11-17	2004-11-17	0	58.8	10.1594/PANGAEA.809717	THORIUM_216
thorium234	-47.8	52.86	100	2004-11-19	2004-11-19	0	58.8	10.1594/PANGAEA.809717	THORIUM_198
thorium234	-49.02	51.47	100	2004-11-22	2004-11-22	0	69.6	10.1594/PANGAEA.809717	THORIUM_182
thorium234	-46.07	51.77	100	2004-11-24	2004-11-24	0	139.2	10.1594/PANGAEA.809717	THORIUM_213
thorium234	-45.5	48.99	100	2004-11-26	2004-11-26	0	163.2	10.1594/PANGAEA.809717	THORIUM_227
thorium234	-44.95	49.94	100	2004-11-29	2004-11-29	0	183.6	10.1594/PANGAEA.809717	THORIUM_231
thorium234	-44.87	49.65	100	2004-12-01	2004-12-01	0	163.2	10.1594/PANGAEA.809717	THORIUM_233
thorium234	-43.12	47.18	100	2004-12-02	2004-12-02	0	200.4	10.1594/PANGAEA.809717	THORIUM_263
thorium234	-43	47.02	100	2004-12-18	2004-12-18	0	278.4	10.1594/PANGAEA.809717	THORIUM_265
thorium234	-44.52	49.99	100	2004-12-19	2004-12-19	0	135.6	10.1594/PANGAEA.809717	THORIUM_241
thorium234	-46.08	51.78	100	2004-12-22	2004-12-22	0	240	10.1594/PANGAEA.809717	THORIUM_212
thorium234	-46	56.15	100	2004-12-26	2004-12-26	0	153.6	10.1594/PANGAEA.809717	THORIUM_222
thorium234	-46.06	51.78	100	2004-12-30	2004-12-30	0	187.2	10.1594/PANGAEA.809717	THORIUM_214
thorium234	-49	51.54	100	2005-01-02	2005-01-02	0	172.8	10.1594/PANGAEA.809717	THORIUM_187
thorium234	-47.8	52.85	100	2005-01-05	2005-01-05	0	225.6	10.1594/PANGAEA.809717	THORIUM_197
thorium234	-46.14	51.86	100	2005-01-08	2005-01-08	0	165.6	10.1594/PANGAEA.809717	THORIUM_211
thorium234	-46.03	51.87	100	2005-01-09	2005-01-09	0	121.2	10.1594/PANGAEA.809717	THORIUM_218
thorium234	-46.04	51.96	100	2005-01-11	2005-01-11	0	146.4	10.1594/PANGAEA.809717	THORIUM_217
thorium234	-67.6	-84.93	100	1992-12-07	1992-12-07	0	252	10.1594/PANGAEA.809717	THORIUM_39
thorium234	-41.04	-41.56	100	2004-05-02	2004-05-02	0	84	10.1594/PANGAEA.809717	THORIUM_280
thorium234	-32.97	-31.01	100	2004-05-05	2004-05-05	0	32.4	10.1594/PANGAEA.809717	THORIUM_292
thorium234	-24.23	-25	100	2004-05-08	2004-05-08	0	30	10.1594/PANGAEA.809717	THORIUM_296
thorium234	-12.28	-25	100	2004-05-11	2004-05-11	0	39.6	10.1594/PANGAEA.809717	THORIUM_307
thorium234	-0.94	-25	100	2004-05-14	2004-05-14	0	297.6	10.1594/PANGAEA.809717	THORIUM_358
thorium234	11.4	-29.37	100	2004-05-17	2004-05-17	0	182.4	10.1594/PANGAEA.809717	THORIUM_459
thorium234	22.33	-33.74	100	2004-05-20	2004-05-20	0	0	10.1594/PANGAEA.809717	THORIUM_527
thorium234	29.3	-36.7	100	2004-05-22	2004-05-22	0	0	10.1594/PANGAEA.809717	THORIUM_559
thorium234	38.67	-16.39	100	2004-05-26	2004-05-26	0	488.4	10.1594/PANGAEA.809717	THORIUM_642
thorium234	49	-16.39	100	2004-05-29	2004-05-29	0	63.6	10.1594/PANGAEA.809717	THORIUM_708
thorium234	10	-170	100	1992-04-04	1992-04-04	0	21.48	10.1594/PANGAEA.809717	THORIUM_444
thorium234	8	-170	100	1992-04-05	1992-04-05	0	20.45	10.1594/PANGAEA.809717	THORIUM_426
thorium234	2	-170	100	1992-04-07	1992-04-07	0	19.65	10.1594/PANGAEA.809717	THORIUM_391
thorium234	1	-170	100	1992-04-07	1992-04-07	0	31.29	10.1594/PANGAEA.809717	THORIUM_384
thorium234	0	-170	100	1992-04-08	1992-04-08	0	46.23	10.1594/PANGAEA.809717	THORIUM_361
thorium234	-1	-170	100	1992-04-10	1992-04-10	0	49.02	10.1594/PANGAEA.809717	THORIUM_351
thorium234	-2	-170	100	1992-04-10	1992-04-10	0	33.84	10.1594/PANGAEA.809717	THORIUM_343
thorium234	-8	-170	100	1992-04-12	1992-04-12	0	19.4	10.1594/PANGAEA.809717	THORIUM_319
thorium234	-10	-170	100	1992-04-13	1992-04-13	0	22.57	10.1594/PANGAEA.809717	THORIUM_310
thorium234	10	-140	100	1992-05-05	1992-05-05	0	15.44	10.1594/PANGAEA.809717	THORIUM_445
thorium234	9	-140	100	1992-05-05	1992-05-05	0	17.39	10.1594/PANGAEA.809717	THORIUM_438
thorium234	5	-140	100	1992-05-03	1992-05-03	0	37.94	10.1594/PANGAEA.809717	THORIUM_404
thorium234	2	-140	100	1992-05-02	1992-05-02	0	42.16	10.1594/PANGAEA.809717	THORIUM_392
thorium234	1	-140	100	1992-05-01	1992-05-01	0	85.25	10.1594/PANGAEA.809717	THORIUM_385
thorium234	0	-140	100	1992-04-30	1992-04-30	0	57.91	10.1594/PANGAEA.809717	THORIUM_368
thorium234	-1	-140	100	1992-04-29	1992-04-29	0	43.55	10.1594/PANGAEA.809717	THORIUM_352
thorium234	-2	-140	100	1992-04-28	1992-04-28	0	32.74	10.1594/PANGAEA.809717	THORIUM_344
thorium234	-5	-140	100	1992-04-27	1992-04-27	0	17.07	10.1594/PANGAEA.809717	THORIUM_329
thorium234	-7	-140	100	1992-04-26	1992-04-26	0	10.46	10.1594/PANGAEA.809717	THORIUM_324
thorium234	5	-125	100	1992-03-19	1992-03-19	0	64.93	10.1594/PANGAEA.809717	THORIUM_405
thorium234	0	-125	100	1992-03-17	1992-03-17	0	47.89	10.1594/PANGAEA.809717	THORIUM_373
thorium234	-1	-125	100	1992-03-16	1992-03-16	0	86.52	10.1594/PANGAEA.809717	THORIUM_353
thorium234	-2	-125	100	1992-03-16	1992-03-16	0	24.34	10.1594/PANGAEA.809717	THORIUM_345
thorium234	-5	-125	100	1992-03-15	1992-03-15	0	17.44	10.1594/PANGAEA.809717	THORIUM_331
thorium234	-8	-125	100	1992-03-14	1992-03-14	0	14.29	10.1594/PANGAEA.809717	THORIUM_320
thorium234	10	-110	100	1992-03-02	1992-03-02	0	17.48	10.1594/PANGAEA.809717	THORIUM_448
thorium234	8	-110	100	1992-03-03	1992-03-03	0	50.55	10.1594/PANGAEA.809717	THORIUM_428
thorium234	2	-110	100	1992-03-05	1992-03-05	0	16.18	10.1594/PANGAEA.809717	THORIUM_394
thorium234	1	-110	100	1992-03-06	1992-03-06	0	14.56	10.1594/PANGAEA.809717	THORIUM_387
thorium234	0	-110	100	1992-03-06	1992-03-06	0	19.32	10.1594/PANGAEA.809717	THORIUM_377
thorium234	-1	-110	100	1992-03-07	1992-03-07	0	13.75	10.1594/PANGAEA.809717	THORIUM_355
thorium234	-2	-110	100	1992-03-07	1992-03-07	0	18	10.1594/PANGAEA.809717	THORIUM_347
thorium234	-5	-110	100	1992-03-08	1992-03-08	0	21.03	10.1594/PANGAEA.809717	THORIUM_333
thorium234	-8	-110	100	1992-03-11	1992-03-11	0	18.57	10.1594/PANGAEA.809717	THORIUM_322
thorium234	3	-95	100	1992-12-02	1992-12-02	0	16.79	10.1594/PANGAEA.809717	THORIUM_400
thorium234	0	-95	100	1992-11-14	1992-11-14	0	26.37	10.1594/PANGAEA.809717	THORIUM_382
thorium234	-1	-95	100	1992-12-01	1992-12-01	0	49.79	10.1594/PANGAEA.809717	THORIUM_357
thorium234	-2	-95	100	1992-11-30	1992-11-30	0	27.99	10.1594/PANGAEA.809717	THORIUM_349
thorium234	-3	-95	100	1992-11-30	1992-11-30	0	35.17	10.1594/PANGAEA.809717	THORIUM_337
thorium234	10	-140	100	1992-09-10	1992-09-10	0	14.57	10.1594/PANGAEA.809717	THORIUM_446
thorium234	-5	-140	100	1992-09-17	1992-09-17	0	23	10.1594/PANGAEA.809717	THORIUM_330
thorium234	-7	-140	100	1992-09-17	1992-09-17	0	32.98	10.1594/PANGAEA.809717	THORIUM_325
thorium234	10	-125	100	1992-10-02	1992-10-02	0	25.2	10.1594/PANGAEA.809717	THORIUM_447
thorium234	9	-125	100	1992-10-01	1992-10-01	0	8.78	10.1594/PANGAEA.809717	THORIUM_439
thorium234	8	-125	100	1992-10-01	1992-10-01	0	10.15	10.1594/PANGAEA.809717	THORIUM_427
thorium234	5	-125	100	1992-09-29	1992-09-29	0	27.32	10.1594/PANGAEA.809717	THORIUM_406
thorium234	2	-125	100	1992-09-28	1992-09-28	0	34.62	10.1594/PANGAEA.809717	THORIUM_393
thorium234	1	-125	100	1992-09-27	1992-09-27	0	30.1	10.1594/PANGAEA.809717	THORIUM_386
thorium234	0	-125	100	1992-09-26	1992-09-26	0	18.91	10.1594/PANGAEA.809717	THORIUM_376
thorium234	-1	-125	100	1992-09-25	1992-09-25	0	38.22	10.1594/PANGAEA.809717	THORIUM_354
thorium234	-2	-125	100	1992-09-24	1992-09-24	0	47.94	10.1594/PANGAEA.809717	THORIUM_346
thorium234	-5	-125	100	1992-09-23	1992-09-23	0	34.85	10.1594/PANGAEA.809717	THORIUM_332
thorium234	-8	-125	100	1992-09-21	1992-09-21	0	23.27	10.1594/PANGAEA.809717	THORIUM_321
thorium234	-10	-125	100	1992-09-20	1992-09-20	0	14.43	10.1594/PANGAEA.809717	THORIUM_311
thorium234	10	-110	100	1992-10-17	1992-10-17	0	39.19	10.1594/PANGAEA.809717	THORIUM_449
thorium234	8	-110	100	1992-10-31	1992-10-31	0	35.33	10.1594/PANGAEA.809717	THORIUM_429
thorium234	5	-110	100	1992-11-01	1992-11-01	0	59.07	10.1594/PANGAEA.809717	THORIUM_407
thorium234	2	-110	100	1992-11-03	1992-11-03	0	34.96	10.1594/PANGAEA.809717	THORIUM_395
thorium234	1	-110	100	1992-11-03	1992-11-03	0	46.26	10.1594/PANGAEA.809717	THORIUM_388
thorium234	0	-110	100	1992-11-04	1992-11-04	0	25.7	10.1594/PANGAEA.809717	THORIUM_380
thorium234	-1	-110	100	1992-11-06	1992-11-06	0	6.55	10.1594/PANGAEA.809717	THORIUM_356
thorium234	-2	-110	100	1992-11-07	1992-11-07	0	53.39	10.1594/PANGAEA.809717	THORIUM_348
thorium234	-5	-110	100	1992-11-08	1992-11-08	0	24.61	10.1594/PANGAEA.809717	THORIUM_334
thorium234	-8	-110	100	1992-11-09	1992-11-09	0	39.63	10.1594/PANGAEA.809717	THORIUM_323
thorium234	-10	-110	100	1992-11-10	1992-11-10	0	43.62	10.1594/PANGAEA.809717	THORIUM_312
thorium234	11.98	-140.08	100	1992-02-04	1992-02-04	0	22.08	10.1594/PANGAEA.809717	THORIUM_461
thorium234	9.01	-140.09	100	1992-02-07	1992-02-07	0	38.76	10.1594/PANGAEA.809717	THORIUM_440
thorium234	7.06	-140.02	100	1992-02-10	1992-02-10	0	29.52	10.1594/PANGAEA.809717	THORIUM_422
thorium234	5.05	-140.02	100	1992-02-12	1992-02-12	0	33.84	10.1594/PANGAEA.809717	THORIUM_409
thorium234	3.01	-139.99	100	1992-02-15	1992-02-15	0	24.84	10.1594/PANGAEA.809717	THORIUM_401
thorium234	2.08	-139.92	100	1992-02-17	1992-02-17	0	23.76	10.1594/PANGAEA.809717	THORIUM_396
thorium234	1.13	-140.05	100	1992-02-20	1992-02-20	0	36.48	10.1594/PANGAEA.809717	THORIUM_389
thorium234	0	-140.06	100	1992-02-23	1992-02-23	0	72.36	10.1594/PANGAEA.809717	THORIUM_363
thorium234	-1.02	-140.16	100	1992-02-27	1992-02-27	0	69.24	10.1594/PANGAEA.809717	THORIUM_350
thorium234	-2.02	-140.13	100	1992-03-01	1992-03-01	0	25.8	10.1594/PANGAEA.809717	THORIUM_342
thorium234	-5.05	-140	100	1992-03-04	1992-03-04	0	30	10.1594/PANGAEA.809717	THORIUM_328
thorium234	-12.03	-135	100	1992-03-08	1992-03-08	0	52.56	10.1594/PANGAEA.809717	THORIUM_308
thorium234	12.01	-140.03	100	1992-08-11	1992-08-11	0	48	10.1594/PANGAEA.809717	THORIUM_464
thorium234	8.97	-139.97	100	1992-08-14	1992-08-14	0	46.32	10.1594/PANGAEA.809717	THORIUM_437
thorium234	7.01	-139.91	100	1992-08-17	1992-08-17	0	59.4	10.1594/PANGAEA.809717	THORIUM_421
thorium234	5.01	-139.83	100	1992-08-19	1992-08-19	0	101.52	10.1594/PANGAEA.809717	THORIUM_408
thorium234	2.9	-140.21	100	1992-08-22	1992-08-22	0	88.8	10.1594/PANGAEA.809717	THORIUM_399
thorium234	2.12	-140.24	100	1992-08-25	1992-08-25	0	220.2	10.1594/PANGAEA.809717	THORIUM_397
thorium234	1.14	-140.01	100	1992-08-27	1992-08-27	0	163.92	10.1594/PANGAEA.809717	THORIUM_390
thorium234	0.21	-139.9	100	1992-08-29	1992-08-29	0	113.76	10.1594/PANGAEA.809717	THORIUM_383
thorium234	-2.19	-140.16	100	1992-09-03	1992-09-03	0	48.6	10.1594/PANGAEA.809717	THORIUM_341
thorium234	-3.22	-140.26	100	1992-09-06	1992-09-06	0	77.04	10.1594/PANGAEA.809717	THORIUM_336
thorium234	-5.11	-140	100	1992-09-08	1992-09-08	0	115.32	10.1594/PANGAEA.809717	THORIUM_327
thorium234	-11.93	-134.95	100	1992-09-13	1992-09-13	0	39.6	10.1594/PANGAEA.809717	THORIUM_309
thorium234	-2.53	-84	80	1987-06-06	1987-06-10	4	176	10.1594/PANGAEA.809717	THORIUM_339
thorium234	-0.92	-87.5	80	1987-06-10	1987-06-13	3	210	10.1594/PANGAEA.809717	THORIUM_359
thorium234	2.78	-86.03	80	1987-06-16	1987-06-20	4	208	10.1594/PANGAEA.809717	THORIUM_398
thorium234	4.44	-84.99	80	1987-06-20	1987-06-23	3	185	10.1594/PANGAEA.809717	THORIUM_402
thorium234	6.02	110.02	100	1997-11-01	1997-11-01	0	73.2	10.1594/PANGAEA.809717	THORIUM_414
thorium234	-47.5	-6	100	1992-11-10	1992-11-10	0	336.52	10.1594/PANGAEA.809717	THORIUM_201
thorium234	-49	-6	100	1992-10-29	1992-10-29	0	165	10.1594/PANGAEA.809717	THORIUM_184
thorium234	-49	-6	100	1992-11-09	1992-11-09	0	185.45	10.1594/PANGAEA.809717	THORIUM_185
thorium234	-51	-6	100	1992-11-07	1992-11-07	0	182.86	10.1594/PANGAEA.809717	THORIUM_165
thorium234	-53	-6	100	1992-10-21	1992-10-21	0	16.36	10.1594/PANGAEA.809717	THORIUM_147
thorium234	-53	-6	100	1992-11-06	1992-11-06	0	128.57	10.1594/PANGAEA.809717	THORIUM_148
thorium234	-55	-6	100	1992-10-20	1992-10-20	0	0	10.1594/PANGAEA.809717	THORIUM_130
thorium234	-55	-6	100	1992-11-01	1992-11-01	0	141	10.1594/PANGAEA.809717	THORIUM_131
thorium234	-56.5	-6	100	1992-10-17	1992-10-17	0	180	10.1594/PANGAEA.809717	THORIUM_122
thorium234	-56.5	-6	100	1992-11-03	1992-11-03	0	17.14	10.1594/PANGAEA.809717	THORIUM_123
thorium234	36.07	-74.72	100	1993-05-15	1993-05-15	0	56.38	10.1594/PANGAEA.809717	THORIUM_632
thorium234	36.05	-74.77	100	1993-05-15	1993-05-15	0	69.83	10.1594/PANGAEA.809717	THORIUM_630
thorium234	36.07	-74.9	100	1993-05-15	1993-05-15	0	82.09	10.1594/PANGAEA.809717	THORIUM_631
thorium234	36.07	-74.72	100	1994-07-15	1994-07-15	0	49.32	10.1594/PANGAEA.809717	THORIUM_633
thorium234	36.1	-74.83	100	1994-07-15	1994-07-15	0	55.78	10.1594/PANGAEA.809717	THORIUM_634
thorium234	36.1	-74.25	100	1994-07-15	1994-07-15	0	74.67	10.1594/PANGAEA.809717	THORIUM_635
thorium234	36.15	-74.05	100	1994-07-15	1994-07-15	0	45.8	10.1594/PANGAEA.809717	THORIUM_636
thorium234	55.26	-53.98	100	1999-07-15	1999-07-15	0	68.63	10.1594/PANGAEA.809717	THORIUM_720
thorium234	58.22	-50.88	100	1999-07-15	1999-07-15	0	257.4	10.1594/PANGAEA.809717	THORIUM_725
thorium234	60.29	-48.54	100	1999-07-15	1999-07-15	0	186.48	10.1594/PANGAEA.809717	THORIUM_745
thorium234	49.02	-16.47	150	2009-07-13	2009-07-13	0	27.06	10.1594/PANGAEA.809717	THORIUM_709
thorium234	48.97	-16.4	150	2009-07-16	2009-07-16	0	54.74	10.1594/PANGAEA.809717	THORIUM_706
thorium234	48.54	-17.1	150	2009-07-20	2009-07-20	0	119.4	10.1594/PANGAEA.809717	THORIUM_700
thorium234	49.07	-16.63	150	2009-07-23	2009-07-23	0	203.4	10.1594/PANGAEA.809717	THORIUM_710
thorium234	48.91	-16.07	150	2009-07-24	2009-07-24	0	117.33	10.1594/PANGAEA.809717	THORIUM_704
thorium234	48.98	-16.93	150	2009-07-29	2009-07-29	0	88.82	10.1594/PANGAEA.809717	THORIUM_707
thorium234	48.81	-16.51	150	2009-07-31	2009-07-31	0	111.35	10.1594/PANGAEA.809717	THORIUM_702
thorium234	48.97	-16.42	150	2009-08-03	2009-08-03	0	58.45	10.1594/PANGAEA.809717	THORIUM_705
thorium234	48.91	-16.54	150	2009-08-06	2009-08-06	0	23.33	10.1594/PANGAEA.809717	THORIUM_703
thorium234	48.78	-16.99	150	2009-08-08	2009-08-08	0	95.7	10.1594/PANGAEA.809717	THORIUM_701
thorium234	30.46	-64.89	150	2004-06-24	2004-06-24	0	26.4	10.1594/PANGAEA.809717	THORIUM_588
thorium234	31.22	-64.08	150	2004-06-25	2004-06-25	0	49.2	10.1594/PANGAEA.809717	THORIUM_619
thorium234	30.86	-64.5	150	2004-06-25	2004-06-25	0	58.8	10.1594/PANGAEA.809717	THORIUM_605
thorium234	30.68	-64.71	150	2004-06-26	2004-06-26	0	62.4	10.1594/PANGAEA.809717	THORIUM_598
thorium234	30.5	-64.92	150	2004-06-26	2004-06-26	0	55.2	10.1594/PANGAEA.809717	THORIUM_591
thorium234	30.32	-65.13	150	2004-06-26	2004-06-26	0	57.6	10.1594/PANGAEA.809717	THORIUM_585
thorium234	30.15	-65.34	150	2004-06-26	2004-06-26	0	66	10.1594/PANGAEA.809717	THORIUM_573
thorium234	29.78	-65.76	150	2004-06-27	2004-06-27	0	62.4	10.1594/PANGAEA.809717	THORIUM_562
thorium234	30.16	-65.34	150	2004-06-27	2004-06-27	0	63.6	10.1594/PANGAEA.809717	THORIUM_574
thorium234	30.32	-65.13	150	2004-06-27	2004-06-27	0	45.6	10.1594/PANGAEA.809717	THORIUM_586
thorium234	30.68	-64.71	150	2004-06-27	2004-06-27	0	36	10.1594/PANGAEA.809717	THORIUM_599
thorium234	30.86	-64.5	150	2004-06-28	2004-06-28	0	51.6	10.1594/PANGAEA.809717	THORIUM_606
thorium234	31.22	-64.08	150	2004-06-28	2004-06-28	0	39.6	10.1594/PANGAEA.809717	THORIUM_620
thorium234	30.5	-64.92	150	2004-06-29	2004-06-29	0	7.2	10.1594/PANGAEA.809717	THORIUM_592
thorium234	29.96	-65.55	150	2004-06-30	2004-06-30	0	36	10.1594/PANGAEA.809717	THORIUM_568
thorium234	29.78	-66.18	150	2004-06-30	2004-06-30	0	74.4	10.1594/PANGAEA.809717	THORIUM_561
thorium234	30.49	-65.13	150	2004-07-02	2004-07-02	0	84	10.1594/PANGAEA.809717	THORIUM_590
thorium234	31.67	-64.16	150	2004-08-02	2004-08-02	0	20.4	10.1594/PANGAEA.809717	THORIUM_625
thorium234	30.67	-65.55	150	2004-08-04	2004-08-04	0	27.6	10.1594/PANGAEA.809717	THORIUM_595
thorium234	30.68	-65.34	150	2004-08-04	2004-08-04	0	18	10.1594/PANGAEA.809717	THORIUM_597
thorium234	30.68	-65.75	150	2004-08-04	2004-08-04	0	26.4	10.1594/PANGAEA.809717	THORIUM_596
thorium234	30.86	-65.76	150	2004-08-04	2004-08-04	0	18	10.1594/PANGAEA.809717	THORIUM_603
thorium234	31.04	-65.76	150	2004-08-05	2004-08-05	0	15.6	10.1594/PANGAEA.809717	THORIUM_616
thorium234	31.4	-65.76	150	2004-08-05	2004-08-05	0	24	10.1594/PANGAEA.809717	THORIUM_622
thorium234	31.76	-65.76	150	2004-08-05	2004-08-05	0	9.6	10.1594/PANGAEA.809717	THORIUM_626
thorium234	30.86	-65.76	150	2004-08-06	2004-08-06	0	31.2	10.1594/PANGAEA.809717	THORIUM_604
thorium234	30.33	-65.79	150	2004-08-09	2004-08-09	0	24	10.1594/PANGAEA.809717	THORIUM_587
thorium234	30.49	-65.77	150	2004-08-09	2004-08-09	0	6	10.1594/PANGAEA.809717	THORIUM_589
thorium234	31.67	-64.17	150	2005-07-06	2005-07-06	0	38.4	10.1594/PANGAEA.809717	THORIUM_624
thorium234	30.9	-66.29	150	2005-07-07	2005-07-07	0	16.8	10.1594/PANGAEA.809717	THORIUM_610
thorium234	31.07	-66.29	150	2005-07-07	2005-07-07	0	8.4	10.1594/PANGAEA.809717	THORIUM_617
thorium234	30.9	-66.29	150	2005-07-08	2005-07-08	0	13.2	10.1594/PANGAEA.809717	THORIUM_611
thorium234	30.9	-65.62	150	2005-07-09	2005-07-09	0	37.2	10.1594/PANGAEA.809717	THORIUM_614
thorium234	30.9	-65.87	150	2005-07-09	2005-07-09	0	15.6	10.1594/PANGAEA.809717	THORIUM_613
thorium234	30.9	-66.08	150	2005-07-09	2005-07-09	0	4.8	10.1594/PANGAEA.809717	THORIUM_612
thorium234	30.9	-66.5	150	2005-07-10	2005-07-10	0	7.2	10.1594/PANGAEA.809717	THORIUM_609
thorium234	30.9	-66.71	150	2005-07-10	2005-07-10	0	18	10.1594/PANGAEA.809717	THORIUM_608
thorium234	30.9	-67.12	150	2005-07-10	2005-07-10	0	18	10.1594/PANGAEA.809717	THORIUM_607
thorium234	31.08	-66.49	150	2005-07-11	2005-07-11	0	24	10.1594/PANGAEA.809717	THORIUM_618
thorium234	31.31	-66.5	150	2005-07-11	2005-07-11	0	22.8	10.1594/PANGAEA.809717	THORIUM_621
thorium234	31.62	-66.5	150	2005-07-12	2005-07-12	0	14.4	10.1594/PANGAEA.809717	THORIUM_623
thorium234	30.73	-66.5	150	2005-07-12	2005-07-12	0	8.4	10.1594/PANGAEA.809717	THORIUM_601
thorium234	30.63	-66.6	150	2005-07-12	2005-07-12	0	13.2	10.1594/PANGAEA.809717	THORIUM_594
thorium234	30.19	-66.5	150	2005-07-13	2005-07-13	0	13.2	10.1594/PANGAEA.809717	THORIUM_584
thorium234	30.54	-66.49	150	2005-07-14	2005-07-14	0	14.4	10.1594/PANGAEA.809717	THORIUM_593
thorium234	30.72	-66.71	150	2005-07-14	2005-07-14	0	18	10.1594/PANGAEA.809717	THORIUM_600
thorium234	30.18	-68.64	150	2005-08-18	2005-08-18	0	16.8	10.1594/PANGAEA.809717	THORIUM_579
thorium234	30.18	-68.67	150	2005-08-19	2005-08-19	0	15.6	10.1594/PANGAEA.809717	THORIUM_578
thorium234	30.18	-68.58	150	2005-08-20	2005-08-20	0	14.4	10.1594/PANGAEA.809717	THORIUM_580
thorium234	30.18	-69.41	150	2005-08-20	2005-08-20	0	27.6	10.1594/PANGAEA.809717	THORIUM_575
thorium234	30.18	-68.99	150	2005-08-20	2005-08-20	0	22.8	10.1594/PANGAEA.809717	THORIUM_576
thorium234	30.18	-68.79	150	2005-08-21	2005-08-21	0	25.2	10.1594/PANGAEA.809717	THORIUM_577
thorium234	30.18	-68.37	150	2005-08-21	2005-08-21	0	12	10.1594/PANGAEA.809717	THORIUM_581
thorium234	30.18	-68.16	150	2005-08-21	2005-08-21	0	25.2	10.1594/PANGAEA.809717	THORIUM_582
thorium234	30.18	-67.75	150	2005-08-22	2005-08-22	0	20.4	10.1594/PANGAEA.809717	THORIUM_583
thorium234	30	-68.79	150	2005-08-22	2005-08-22	0	15.6	10.1594/PANGAEA.809717	THORIUM_571
thorium234	30.09	-68.68	150	2005-08-23	2005-08-23	0	22.8	10.1594/PANGAEA.809717	THORIUM_572
thorium234	29.95	-68.98	150	2005-08-23	2005-08-23	0	7.2	10.1594/PANGAEA.809717	THORIUM_567
thorium234	29.91	-69.11	150	2005-08-24	2005-08-24	0	7.2	10.1594/PANGAEA.809717	THORIUM_566
thorium234	29.81	-69	150	2005-08-24	2005-08-24	0	19.2	10.1594/PANGAEA.809717	THORIUM_563
thorium234	30	-68.98	150	2005-08-25	2005-08-25	0	15.6	10.1594/PANGAEA.809717	THORIUM_570
thorium234	29.91	-69.19	150	2005-08-25	2005-08-25	0	3.6	10.1594/PANGAEA.809717	THORIUM_565
thorium234	30	-69.18	150	2005-08-25	2005-08-25	0	0	10.1594/PANGAEA.809717	THORIUM_569
thorium234	29.88	-68.88	150	2005-08-25	2005-08-25	0	9.6	10.1594/PANGAEA.809717	THORIUM_564
thorium234	22.77	-158	150	2004-06-23	2004-06-23	0	0	10.1594/PANGAEA.809717	THORIUM_545
thorium234	22.79	-157.96	150	2004-06-24	2004-06-24	0	11.52	10.1594/PANGAEA.809717	THORIUM_546
thorium234	22.76	-158	150	2004-06-26	2004-06-26	0	21.84	10.1594/PANGAEA.809717	THORIUM_544
thorium234	22.67	-157.98	150	2004-06-28	2004-06-28	0	47.28	10.1594/PANGAEA.809717	THORIUM_535
thorium234	22.98	-157.76	150	2004-06-30	2004-06-30	0	83.4	10.1594/PANGAEA.809717	THORIUM_549
thorium234	22.97	-158	150	2004-06-30	2004-06-30	0	37.92	10.1594/PANGAEA.809717	THORIUM_547
thorium234	22.98	-158.22	150	2004-06-30	2004-06-30	0	4.92	10.1594/PANGAEA.809717	THORIUM_548
thorium234	22.53	-158.24	150	2004-07-01	2004-07-01	0	0	10.1594/PANGAEA.809717	THORIUM_533
thorium234	22.53	-157.76	150	2004-07-01	2004-07-01	0	20.4	10.1594/PANGAEA.809717	THORIUM_534
thorium234	22.75	-158	150	2004-07-01	2004-07-01	0	0	10.1594/PANGAEA.809717	THORIUM_539
thorium234	23.75	-158	150	2004-07-02	2004-07-02	0	55.08	10.1594/PANGAEA.809717	THORIUM_551
thorium234	22.75	-159.08	150	2004-07-02	2004-07-02	0	7.32	10.1594/PANGAEA.809717	THORIUM_536
thorium234	22.75	-158	150	2004-07-03	2004-07-03	0	31.56	10.1594/PANGAEA.809717	THORIUM_540
thorium234	22.75	-156.92	150	2004-07-03	2004-07-03	0	30.6	10.1594/PANGAEA.809717	THORIUM_543
thorium234	22.08	-158	150	2004-07-03	2004-07-03	0	65.28	10.1594/PANGAEA.809717	THORIUM_525
thorium234	22.75	-158	150	2004-07-04	2004-07-04	0	0	10.1594/PANGAEA.809717	THORIUM_541
thorium234	22.75	-157.99	150	2004-07-06	2004-07-06	0	8.04	10.1594/PANGAEA.809717	THORIUM_542
thorium234	22.75	-158.25	150	2004-07-08	2004-07-08	0	18.48	10.1594/PANGAEA.809717	THORIUM_537
thorium234	22.75	-158.25	150	2004-07-10	2004-07-10	0	38.04	10.1594/PANGAEA.809717	THORIUM_538
thorium234	46.1	158.9	150	2004-07-25	2004-07-25	0	121.2	10.1594/PANGAEA.809717	THORIUM_667
thorium234	46.55	159.34	150	2004-07-25	2004-07-25	0	74.4	10.1594/PANGAEA.809717	THORIUM_672
thorium234	46.94	159.91	150	2004-07-25	2004-07-25	0	68.4	10.1594/PANGAEA.809717	THORIUM_674
thorium234	47.45	160.66	150	2004-07-26	2004-07-26	0	115.2	10.1594/PANGAEA.809717	THORIUM_693
thorium234	47.9	161.32	150	2004-07-26	2004-07-26	0	110.4	10.1594/PANGAEA.809717	THORIUM_698
thorium234	47	161.32	150	2004-07-26	2004-07-26	0	22.8	10.1594/PANGAEA.809717	THORIUM_686
thorium234	46.1	161.32	150	2004-07-27	2004-07-27	0	58.8	10.1594/PANGAEA.809717	THORIUM_668
thorium234	47.07	159.89	150	2004-07-27	2004-07-27	0	91.2	10.1594/PANGAEA.809717	THORIUM_691
thorium234	47.9	158.68	150	2004-07-27	2004-07-27	0	85.2	10.1594/PANGAEA.809717	THORIUM_696
thorium234	47.9	160	150	2004-07-28	2004-07-28	0	108	10.1594/PANGAEA.809717	THORIUM_697
thorium234	47	161.01	150	2004-07-29	2004-07-29	0	42	10.1594/PANGAEA.809717	THORIUM_683
thorium234	46.99	161	150	2004-07-31	2004-07-31	0	73.2	10.1594/PANGAEA.809717	THORIUM_675
thorium234	47.03	161.25	150	2004-08-02	2004-08-02	0	44.4	10.1594/PANGAEA.809717	THORIUM_688
thorium234	47	161.24	150	2004-08-04	2004-08-04	0	87.6	10.1594/PANGAEA.809717	THORIUM_684
thorium234	47.72	161	150	2004-08-05	2004-08-05	0	93.6	10.1594/PANGAEA.809717	THORIUM_695
thorium234	47.72	159.94	150	2004-08-05	2004-08-05	0	67.2	10.1594/PANGAEA.809717	THORIUM_694
thorium234	46.64	159.94	150	2004-08-06	2004-08-06	0	62.4	10.1594/PANGAEA.809717	THORIUM_673
thorium234	46.28	159.94	150	2004-08-06	2004-08-06	0	91.2	10.1594/PANGAEA.809717	THORIUM_669
thorium234	46.28	161	150	2004-08-06	2004-08-06	0	58.8	10.1594/PANGAEA.809717	THORIUM_670
thorium234	46.28	162.06	150	2004-08-07	2004-08-07	0	88.8	10.1594/PANGAEA.809717	THORIUM_671
thorium234	47	162.06	150	2004-08-07	2004-08-07	0	25.2	10.1594/PANGAEA.809717	THORIUM_687
thorium234	47	161	150	2004-07-29	2004-07-29	0	64.8	10.1594/PANGAEA.809717	THORIUM_682
thorium234	47.05	161	150	2004-08-09	2004-08-09	0	69.6	10.1594/PANGAEA.809717	THORIUM_689
thorium234	47.05	161	150	2004-08-11	2004-08-11	0	60	10.1594/PANGAEA.809717	THORIUM_690
thorium234	47	161.3	150	2004-08-13	2004-08-13	0	68.4	10.1594/PANGAEA.809717	THORIUM_685
thorium234	47.12	161.36	150	2004-08-15	2004-08-15	0	69.6	10.1594/PANGAEA.809717	THORIUM_692
thorium234	75	34	100	2007-07-30	2007-10-07	67.875	66	10.1594/PANGAEA.809717	THORIUM_775
thorium234	77.5	33.96	100	2007-07-31	2007-10-07	67.875	43.2	10.1594/PANGAEA.809717	THORIUM_793
thorium234	78.98	33.96	100	2007-07-31	2007-10-07	67.875	20.4	10.1594/PANGAEA.809717	THORIUM_799
thorium234	81	34.05	100	2007-08-01	2007-10-07	66.875	33.6	10.1594/PANGAEA.809717	THORIUM_802
thorium234	81.86	34.01	100	2007-08-02	2007-10-07	65.875	21.6	10.1594/PANGAEA.809717	THORIUM_805
thorium234	82.5	33.55	100	2007-08-04	2007-10-07	63.875	12	10.1594/PANGAEA.809717	THORIUM_809
thorium234	83.63	60.41	100	2007-08-12	2007-10-07	55.4375	28.8	10.1594/PANGAEA.809717	THORIUM_814
thorium234	83.11	61.8	100	2007-08-14	2007-10-07	53.4375	12	10.1594/PANGAEA.809717	THORIUM_812
thorium234	82.8	60.78	100	2007-08-14	2007-10-07	53.4375	28.8	10.1594/PANGAEA.809717	THORIUM_811
thorium234	82.5	60.78	100	2007-08-15	2007-10-07	52.4375	16.8	10.1594/PANGAEA.809717	THORIUM_810
thorium234	82.08	68.95	100	2007-08-17	2007-10-07	50.4375	28.8	10.1594/PANGAEA.809717	THORIUM_806
thorium234	81.21	86.16	100	2007-08-19	2007-10-07	48.4375	16.8	10.1594/PANGAEA.809717	THORIUM_804
thorium234	82.13	86.31	100	2007-08-20	2007-10-07	47.4375	12	10.1594/PANGAEA.809717	THORIUM_807
thorium234	83.26	86.28	100	2007-08-22	2007-10-07	45.4375	13.2	10.1594/PANGAEA.809717	THORIUM_813
thorium234	85.91	91.11	100	2007-08-26	2007-10-07	41.4375	25.2	10.1594/PANGAEA.809717	THORIUM_816
thorium234	88.16	-139.6	100	2007-09-04	2007-10-07	33.4375	4.8	10.1594/PANGAEA.809717	THORIUM_817
thorium234	85.7	-135.01	100	2007-09-05	2007-10-07	32.4375	0	10.1594/PANGAEA.809717	THORIUM_815
thorium234	82.18	119.55	100	2007-09-18	2007-10-07	19	14.4	10.1594/PANGAEA.809717	THORIUM_808
thorium234	79.33	124.33	100	2007-09-20	2007-10-07	17	6	10.1594/PANGAEA.809717	THORIUM_801
thorium234	76.16	122.13	100	2007-09-23	2007-10-07	14	8.4	10.1594/PANGAEA.809717	THORIUM_781
thorium234	14	110.5	100	2004-04-28	2004-05-25	27	124.8	10.1594/PANGAEA.809717	THORIUM_473
thorium234	13	110.5	100	2004-04-28	2004-05-25	27	69.6	10.1594/PANGAEA.809717	THORIUM_471
thorium234	12	111	100	2004-04-28	2004-05-25	27	103.2	10.1594/PANGAEA.809717	THORIUM_462
thorium234	10.36	112.65	100	2004-04-28	2004-05-25	27	62.4	10.1594/PANGAEA.809717	THORIUM_456
thorium234	9.68	114	100	2004-04-28	2004-05-25	27	48	10.1594/PANGAEA.809717	THORIUM_443
thorium234	11.3	111.7	100	2004-04-28	2004-05-25	27	82.8	10.1594/PANGAEA.809717	THORIUM_458
thorium234	10.25	109.75	100	2004-04-28	2004-05-25	27	50.4	10.1594/PANGAEA.809717	THORIUM_454
thorium234	9.4	111.38	100	2004-04-28	2004-05-25	27	16.8	10.1594/PANGAEA.809717	THORIUM_441
thorium234	8	110.85	100	2004-04-28	2004-05-25	27	98.4	10.1594/PANGAEA.809717	THORIUM_431
thorium234	8.9	109.78	100	2004-04-28	2004-05-25	27	76.8	10.1594/PANGAEA.809717	THORIUM_436
thorium234	8.9	109	75	2004-04-28	2004-05-25	27	94.8	10.1594/PANGAEA.809717	THORIUM_435
thorium234	7.5	108.48	75	2004-04-28	2004-05-25	27	48	10.1594/PANGAEA.809717	THORIUM_423
thorium234	6.4	109.7	75	2004-04-28	2004-05-25	27	52.8	10.1594/PANGAEA.809717	THORIUM_418
thorium234	6.08	109.66	75	2004-04-28	2004-05-25	27	64.8	10.1594/PANGAEA.809717	THORIUM_415
thorium234	5.3	110.9	75	2004-04-28	2004-05-25	27	94.8	10.1594/PANGAEA.809717	THORIUM_410
thorium234	6.1	112.01	100	2004-04-28	2004-05-25	27	58.8	10.1594/PANGAEA.809717	THORIUM_416
thorium234	7	112	100	2004-04-28	2004-05-25	27	12	10.1594/PANGAEA.809717	THORIUM_419
thorium234	6.1	113	100	2004-04-28	2004-05-25	27	28.8	10.1594/PANGAEA.809717	THORIUM_417
thorium234	5.4	113.9	100	2004-04-28	2004-05-25	27	85.2	10.1594/PANGAEA.809717	THORIUM_411
thorium234	7	114.01	100	2004-04-28	2004-05-25	27	60	10.1594/PANGAEA.809717	THORIUM_420
thorium234	7.8	113.5	100	2004-04-28	2004-05-25	27	14.4	10.1594/PANGAEA.809717	THORIUM_424
thorium234	8.71	114.81	100	2004-04-28	2004-05-25	27	20.4	10.1594/PANGAEA.809717	THORIUM_433
thorium234	8.11	115.58	100	2004-04-28	2004-05-25	27	24	10.1594/PANGAEA.809717	THORIUM_432
thorium234	7.81	116	100	2004-04-28	2004-05-25	27	30	10.1594/PANGAEA.809717	THORIUM_425
thorium234	8.71	116.6	100	2004-04-28	2004-05-25	27	9.6	10.1594/PANGAEA.809717	THORIUM_434
thorium234	9.51	116.81	100	2004-04-28	2004-05-25	27	30	10.1594/PANGAEA.809717	THORIUM_442
thorium234	10.28	115.55	100	2004-04-28	2004-05-25	27	58.8	10.1594/PANGAEA.809717	THORIUM_455
thorium234	11.5	115.7	100	2004-04-28	2004-05-25	27	151.2	10.1594/PANGAEA.809717	THORIUM_460
thorium234	12.1	116.7	100	2004-04-28	2004-05-25	27	58.8	10.1594/PANGAEA.809717	THORIUM_470
thorium234	12	114.7	100	2004-04-28	2004-05-25	27	3.6	10.1594/PANGAEA.809717	THORIUM_463
thorium234	11.2	114	100	2004-04-28	2004-05-25	27	26.4	10.1594/PANGAEA.809717	THORIUM_457
thorium234	12.01	113.01	100	2004-04-28	2004-05-25	27	9.6	10.1594/PANGAEA.809717	THORIUM_465
thorium234	13.1	111	100	2004-04-28	2004-05-25	27	12	10.1594/PANGAEA.809717	THORIUM_472
thorium234	14	111	100	2004-04-28	2004-05-25	27	20.4	10.1594/PANGAEA.809717	THORIUM_474
thorium234	-46.23	140.39	150	2007-01-22	2007-01-22	0	126.24	10.1594/PANGAEA.809717	THORIUM_210
thorium234	-46.27	140.3	150	2007-01-24	2007-01-24	0	65.52	10.1594/PANGAEA.809717	THORIUM_208
thorium234	-46.29	140.2	150	2007-01-27	2007-01-27	0	70.2	10.1594/PANGAEA.809717	THORIUM_207
thorium234	-46.43	140.12	150	2007-01-29	2007-01-29	0	85.32	10.1594/PANGAEA.809717	THORIUM_205
thorium234	-54	145.87	150	2007-02-02	2007-02-02	0	59.76	10.1594/PANGAEA.809717	THORIUM_140
thorium234	-54.27	145.06	150	2007-02-07	2007-02-07	0	114	10.1594/PANGAEA.809717	THORIUM_137
thorium234	-45.27	153.17	150	2007-02-13	2007-02-13	0	31.92	10.1594/PANGAEA.809717	THORIUM_229
thorium234	-45.3	153.36	150	2007-02-15	2007-02-15	0	41.64	10.1594/PANGAEA.809717	THORIUM_228
thorium234	-44.55	143.01	150	2007-01-21	2007-01-21	0	94.68	10.1594/PANGAEA.809717	THORIUM_239
thorium234	-49	142.6	150	2007-01-30	2007-01-30	0	93.36	10.1594/PANGAEA.809717	THORIUM_188
thorium234	-50.56	148.35	150	2007-02-08	2007-02-08	0	56.4	10.1594/PANGAEA.809717	THORIUM_169
thorium234	-50	149.26	150	2007-02-09	2007-02-09	0	60.72	10.1594/PANGAEA.809717	THORIUM_176
thorium234	-48.02	151.13	150	2007-02-10	2007-02-10	0	49.8	10.1594/PANGAEA.809717	THORIUM_195
thorium234	-44.57	152.28	150	2007-02-15	2007-02-15	0	44.04	10.1594/PANGAEA.809717	THORIUM_238
thorium234	-49.13	74	150	2005-01-20	2005-01-20	0	75.6	10.1594/PANGAEA.809717	THORIUM_180
thorium234	-51.5	73	150	2005-02-02	2005-02-02	0	61.2	10.1594/PANGAEA.809717	THORIUM_161
thorium234	-51.1	74.58	150	2005-01-30	2005-01-30	0	66	10.1594/PANGAEA.809717	THORIUM_164
thorium234	-50.48	77	150	2005-01-28	2005-01-28	0	51.6	10.1594/PANGAEA.809717	THORIUM_170
thorium234	-52.45	75.6	150	2005-02-07	2005-02-07	0	37.2	10.1594/PANGAEA.809717	THORIUM_154
thorium234	-42.33	8.98	100	2008-02-13	2008-02-13	0	39.6	10.1594/PANGAEA.809717	THORIUM_275
thorium234	-44.65	7.08	100	2008-02-15	2008-02-15	0	339.6	10.1594/PANGAEA.809717	THORIUM_236
thorium234	-47.65	4.26	100	2008-02-16	2008-02-16	0	82.8	10.1594/PANGAEA.809717	THORIUM_199
thorium234	-51.5	0	100	2008-02-19	2008-02-19	0	133.2	10.1594/PANGAEA.809717	THORIUM_160
thorium234	-53.01	0.05	100	2008-02-20	2008-02-20	0	90	10.1594/PANGAEA.809717	THORIUM_144
thorium234	-54.5	0.01	100	2008-02-21	2008-02-21	0	58.8	10.1594/PANGAEA.809717	THORIUM_133
thorium234	-57	0	100	2008-02-23	2008-02-23	0	50.4	10.1594/PANGAEA.809717	THORIUM_115
thorium234	-58.98	0	100	2008-02-24	2008-02-24	0	61.2	10.1594/PANGAEA.809717	THORIUM_104
thorium234	-61.48	0	100	2008-02-27	2008-02-27	0	40.8	10.1594/PANGAEA.809717	THORIUM_81
thorium234	-64.48	0	100	2008-02-28	2008-02-28	0	54	10.1594/PANGAEA.809717	THORIUM_57
thorium234	-66.46	0	100	2008-03-08	2008-03-08	0	52.8	10.1594/PANGAEA.809717	THORIUM_43
thorium234	-68.5	0	100	2008-03-10	2008-03-10	0	37.2	10.1594/PANGAEA.809717	THORIUM_35
thorium234	-69.4	0	100	2008-03-11	2008-03-11	0	118.8	10.1594/PANGAEA.809717	THORIUM_30
thorium234	-69	-6.9	100	2008-03-13	2008-03-13	0	40.8	10.1594/PANGAEA.809717	THORIUM_34
thorium234	-69.05	-17.35	100	2008-03-15	2008-03-15	0	66	10.1594/PANGAEA.809717	THORIUM_33
thorium234	-66.93	-25.28	100	2008-03-17	2008-03-17	0	52.8	10.1594/PANGAEA.809717	THORIUM_42
thorium234	-66	-32.76	100	2008-03-20	2008-03-20	0	42	10.1594/PANGAEA.809717	THORIUM_46
thorium234	-65.11	-40.31	100	2008-03-22	2008-03-22	0	42	10.1594/PANGAEA.809717	THORIUM_49
thorium234	-64.78	-42.88	100	2008-03-23	2008-03-23	0	86.4	10.1594/PANGAEA.809717	THORIUM_52
thorium234	-64.03	-48.26	100	2008-03-25	2008-03-25	0	37.2	10.1594/PANGAEA.809717	THORIUM_60
thorium234	-63.46	-52.1	100	2008-03-28	2008-03-28	0	102	10.1594/PANGAEA.809717	THORIUM_64
thorium234	-63.35	-52.85	100	2008-03-29	2008-03-29	0	68.4	10.1594/PANGAEA.809717	THORIUM_66
thorium234	-60.1	-55.26	100	2008-04-02	2008-04-02	0	158.4	10.1594/PANGAEA.809717	THORIUM_90
thorium234	-58.95	-58.1	100	2008-04-05	2008-04-05	0	104.4	10.1594/PANGAEA.809717	THORIUM_105
thorium234	-57.61	-60.9	100	2008-04-07	2008-04-07	0	86.4	10.1594/PANGAEA.809717	THORIUM_108
thorium234	-56.85	-62.5	100	2008-04-09	2008-04-09	0	44.4	10.1594/PANGAEA.809717	THORIUM_118
thorium234	-55.71	-64.43	100	2008-04-11	2008-04-11	0	51.6	10.1594/PANGAEA.809717	THORIUM_125
thorium234	-70.46	9.18	100	2003-12-07	2003-12-07	0	24	10.1594/PANGAEA.809717	THORIUM_24
thorium234	-70.56	-9.01	100	2003-12-06	2003-12-06	0	36	10.1594/PANGAEA.809717	THORIUM_22
thorium234	-70.36	-9.31	100	2003-12-19	2003-12-19	0	48	10.1594/PANGAEA.809717	THORIUM_28
thorium234	-70.46	9.18	100	2003-12-20	2003-12-20	0	144	10.1594/PANGAEA.809717	THORIUM_25
thorium234	-70.56	-9.01	100	2003-12-20	2003-12-20	0	24	10.1594/PANGAEA.809717	THORIUM_23
thorium234	59.7	-20.45	100	2007-07-29	2007-07-29	0	225.12	10.1594/PANGAEA.809717	THORIUM_739
thorium234	59.71	-18.73	100	2007-07-30	2007-07-30	0	458.04	10.1594/PANGAEA.809717	THORIUM_740
thorium234	58.86	-19.88	100	2007-07-31	2007-07-31	0	252.84	10.1594/PANGAEA.809717	THORIUM_728
thorium234	58.85	-20.98	100	2007-08-02	2007-08-02	0	294.12	10.1594/PANGAEA.809717	THORIUM_727
thorium234	59.98	-20.46	100	2007-08-04	2007-08-04	0	59.04	10.1594/PANGAEA.809717	THORIUM_741
thorium234	59.18	19.08	100	2007-08-09	2007-08-09	0	53.52	10.1594/PANGAEA.809717	THORIUM_729
thorium234	59.2	-19.88	100	2007-08-12	2007-08-12	0	32.52	10.1594/PANGAEA.809717	THORIUM_730
thorium234	59.66	-18.71	100	2007-08-14	2007-08-14	0	194.16	10.1594/PANGAEA.809717	THORIUM_737
thorium234	59.66	-18.71	100	2007-08-18	2007-08-18	0	341.4	10.1594/PANGAEA.809717	THORIUM_738
thorium234	59.28	-19.78	100	2007-08-19	2007-08-19	0	159.6	10.1594/PANGAEA.809717	THORIUM_731
thorium234	-42.88	174.6	100	2008-05-24	2008-05-24	0	360	10.1594/PANGAEA.809717	THORIUM_267
thorium234	-42.83	175.93	100	2008-05-25	2008-05-25	0	180	10.1594/PANGAEA.809717	THORIUM_269
thorium234	-43.18	175.21	100	2008-05-26	2008-05-26	0	348	10.1594/PANGAEA.809717	THORIUM_261
thorium234	-43.18	175.21	100	2008-06-11	2008-06-11	0	204	10.1594/PANGAEA.809717	THORIUM_262
thorium234	-43.48	176.05	100	2008-05-26	2008-05-26	0	93.6	10.1594/PANGAEA.809717	THORIUM_260
thorium234	-42.75	178.36	100	2008-05-28	2008-05-28	0	144	10.1594/PANGAEA.809717	THORIUM_272
thorium234	-42.81	178.81	100	2008-05-29	2008-05-29	0	112.8	10.1594/PANGAEA.809717	THORIUM_271
thorium234	-42.88	174.6	100	2008-05-30	2008-05-30	0	168	10.1594/PANGAEA.809717	THORIUM_268
thorium234	-42.83	178.28	100	2008-05-31	2008-05-31	0	78	10.1594/PANGAEA.809717	THORIUM_270
thorium234	-43.7	177.5	100	2008-06-01	2008-06-01	0	192	10.1594/PANGAEA.809717	THORIUM_253
thorium234	-43.7	178.51	100	2008-06-02	2008-06-02	0	132	10.1594/PANGAEA.809717	THORIUM_254
thorium234	-43.8	175.33	100	2008-06-02	2008-06-02	0	67.2	10.1594/PANGAEA.809717	THORIUM_252
thorium234	-43.65	176.5	100	2008-05-27	2008-05-27	0	144	10.1594/PANGAEA.809717	THORIUM_255
thorium234	-43.03	178.36	100	2008-05-28	2008-05-28	0	100.8	10.1594/PANGAEA.809717	THORIUM_264
thorium234	-44.14	178.2	100	2008-06-03	2008-06-03	0	204	10.1594/PANGAEA.809717	THORIUM_245
thorium234	-43.61	178.36	100	2008-06-03	2008-06-03	0	84	10.1594/PANGAEA.809717	THORIUM_256
thorium234	-44.55	178.46	100	2008-06-04	2008-06-04	0	72	10.1594/PANGAEA.809717	THORIUM_240
thorium234	-43.61	178.36	100	2008-06-06	2008-06-06	0	106.8	10.1594/PANGAEA.809717	THORIUM_257
thorium234	-43.98	175.33	100	2008-06-10	2008-06-10	0	132	10.1594/PANGAEA.809717	THORIUM_250
thorium234	-43.58	174.58	100	2008-06-10	2008-06-10	0	112.8	10.1594/PANGAEA.809717	THORIUM_259
thorium234	-43.58	174.58	100	2008-06-07	2008-06-07	0	144	10.1594/PANGAEA.809717	THORIUM_258
thorium234	-44.35	178.58	100	2008-06-05	2008-06-05	0	192	10.1594/PANGAEA.809717	THORIUM_243
thorium234	-43.98	175.33	100	2008-06-10	2008-06-10	0	120	10.1594/PANGAEA.809717	THORIUM_250
thorium234	-44.1	177.71	100	2008-06-05	2008-06-05	0	99.6	10.1594/PANGAEA.809717	THORIUM_246
thorium234	-44.38	175.28	100	2008-06-08	2008-06-08	0	80.4	10.1594/PANGAEA.809717	THORIUM_242
thorium234	50	-145	110	1996-02-15	1996-02-15	0	43.8	10.1594/PANGAEA.809717	THORIUM_711
thorium234	50	-145	210	1996-05-15	1996-05-15	0	9.6	10.1594/PANGAEA.809717	THORIUM_712
thorium234	48.5	-126	210	1996-05-15	1996-05-15	0	14.76	10.1594/PANGAEA.809717	THORIUM_699
thorium234	50	-145	210	1996-08-15	1996-08-15	0	30.6	10.1594/PANGAEA.809717	THORIUM_713
thorium234	43.41	7.86	200	2003-03-05	2003-03-05	0	210	10.1594/PANGAEA.809717	THORIUM_657
thorium234	43.41	7.86	200	2003-05-07	2003-05-07	0	151.2	10.1594/PANGAEA.809717	THORIUM_658
thorium234	43.41	7.86	200	2003-05-11	2003-05-11	0	45.6	10.1594/PANGAEA.809717	THORIUM_659
thorium234	43.41	7.86	200	2003-06-30	2003-06-30	0	56.4	10.1594/PANGAEA.809717	THORIUM_660
thorium234	-36.5	13.1	100	2008-02-21	2008-02-21	0	21.6	10.1594/PANGAEA.809717	THORIUM_289
thorium234	-41.18	9.92	100	2008-02-26	2008-02-26	0	10.8	10.1594/PANGAEA.809717	THORIUM_279
thorium234	-42.28	8.56	100	2008-02-27	2008-02-27	0	20.4	10.1594/PANGAEA.809717	THORIUM_276
thorium234	-44.9	6.88	100	2008-03-01	2008-03-01	0	27.6	10.1594/PANGAEA.809717	THORIUM_232
thorium234	-46.02	5.87	100	2008-03-03	2008-03-03	0	31.2	10.1594/PANGAEA.809717	THORIUM_219
thorium234	-45.55	4.37	100	2008-03-05	2008-03-05	0	39.6	10.1594/PANGAEA.809717	THORIUM_226
thorium234	-49.03	2.83	100	2008-03-07	2008-03-07	0	42	10.1594/PANGAEA.809717	THORIUM_181
thorium234	-50.38	1.32	100	2008-03-09	2008-03-09	0	56.4	10.1594/PANGAEA.809717	THORIUM_172
thorium234	-51.87	0	100	2008-03-11	2008-03-11	0	61.2	10.1594/PANGAEA.809717	THORIUM_156
thorium234	-55.57	0	100	2008-03-14	2008-03-14	0	51.6	10.1594/PANGAEA.809717	THORIUM_128
thorium234	-57.57	0.04	100	2008-03-16	2008-03-16	0	39.6	10.1594/PANGAEA.809717	THORIUM_109
