wmo	cycle	depth	true_small	pred_small	true_big	pred_big	true_total	pred_total	pred_total2	anom
1902578	1	1000	5.6682060730598565	6.3568103952944695	0	11.3674482695485	5.6682060730598565	18.23843694059681	17.72425866484297	0.5141782757538387
1902578	2	1000	8.567477209360629	5.408798852786664	8.121226802758791	7.464489612580348	16.68870401211942	12.763937057425068	12.873288465367011	-0.10935140794194353
1902578	3	200	12.35066305046075	12.315725004370176	15.354960281382565	41.403735555896276	27.705623331843313	55.47699188993061	53.719460560266455	1.757531329664154
1902578	3	500	44.85854717772414	9.596312114451505	31.54850723893834	25.371030403656828	76.40705441666248	34.09306806864169	34.96734251810833	-0.8742744494666397
1902578	3	1000	5.787543762092229	5.575536303915793	0	9.278299359150045	5.787543762092229	15.046240206624525	14.853835663065837	0.19240454355868764
1902578	4	1000	5.602738208724659	5.684432679498689	0	8.252848379021192	5.602738208724659	13.935463864374785	13.93728105851988	-0.0018171941450937368
1902578	5	200	11.808722187709883	12.311379711137693	13.888892793129946	36.87799721563481	25.69761498083983	48.67881010164532	49.189376926772496	-0.510566825127178
1902578	5	500	10.336449615843499	7.410598582704883	5.246139353739908	13.402656601108319	15.582588969583407	20.204558854214024	20.8132551838132	-0.6086963295991765
1902578	5	1000	2.9505296231870326	6.292923240987254	5.664016891525832	14.66053008925571	8.614546514712865	20.933102900940174	20.953453330242965	-0.020350429302791184
1902578	6	200	9.265474950937278	9.980361051340713	14.489682140142556	27.14416816316717	23.755157091079834	37.335938884181346	37.12452921450788	0.21140966967346486
1902578	6	500	11.507240135166569	7.926782899193248	24.76180083035794	13.689554388180982	36.26904096552451	21.881144152125874	21.61633728737423	0.2648068647516446
1902578	6	1000	6.876123476377919	7.896445386377595	8.819423285308766	15.623592120744858	15.695546761686685	23.988563897815197	23.520037507122453	0.4685263906927446
1902578	7	200	18.494821688578075	13.110182189733656	10.76030761234281	21.699057781994988	29.255129300920885	33.956589547431186	34.809239971728644	-0.8526504242974582
1902578	7	500	10.98145437780676	8.935639882591637	14.798617717535523	18.345800298610563	25.780072095342284	28.213025437490554	27.2814401812022	0.9315852562883542
1902578	7	1000	8.360848434317711	7.806309874257133	9.970900301667916	12.372272614521476	18.331748735985627	20.675006073477366	20.17858248877861	0.496423584698757
1902578	8	200	7.567589117333392	11.202419944832986	15.1978104352314	32.25371382977046	22.76539955256479	43.628250081478825	43.456133774603444	0.17211630687538104
1902578	8	500	10.380017961237998	9.971755341310049	9.719338118981009	23.557304167118964	20.099356080219007	33.43357825715904	33.529059508429015	-0.0954812512699732
1902578	8	1000	8.4794679243944735	8.236163156669885	15.814614286707476	17.82719172222748	24.29408221110195	26.47425590622244	26.063354878897364	0.4109010273250746
1902578	9	200	9.093316881747795	10.919605258965246	5.628568864087495	21.366373383068456	14.72188574583529	32.892303446152205	32.285978642033704	0.6063248041185005
1902578	9	500	9.05794904731776	8.411013126900862	63.19154139398365	14.396170735977757	72.2494904413014	23.63956512426573	22.807183862878617	0.8323812613871127
1902578	9	1000	6.8288535458157105	8.626832522974878	29.486253869283615	20.61439835492391	36.31510741509933	29.516753718928495	29.241230877898786	0.2755228410297086
1902578	10	200	8.192997643369353	11.121795906493766	3.5863368103594273	21.896419481048163	11.77933445372878	33.83195061483385	33.01821538754193	0.8137352272919216
1902578	10	500	7.235174063368514	8.361169660561329	7.610176159958727	15.275978577764086	14.845350223327241	24.27005071267956	23.637148238325416	0.6329024743541432
1902578	10	1000	9.105645129143015	10.149535841887595	23.204666400139047	23.553696814824125	32.31031152928206	33.281577557727736	33.70323265671172	-0.4216550989839831
1902578	11	200	12.751792908321828	10.466984005982592	0	20.157039667402152	12.751792908321828	31.38978944244521	30.624023673384745	0.7657657690604651
1902578	11	500	8.654100769869517	8.20795047479018	45.099914446400405	12.68183450547549	53.75401521626992	21.250954423190194	20.88978498026567	0.361169442924524
1902578	11	1000	7.793401204372517	8.873073236590454	28.678850236802784	24.351669378780436	36.4722514411753	33.271761659725534	33.224742615370886	0.04701904435464854
1902578	12	200	3.4677138454300294	10.060410713967995	9.65070536694181	23.625578158804768	13.11841921237184	33.77513487737048	33.68598887277276	0.0891460045977226
1902578	12	500	7.933721742940015	8.440018944190134	31.244218042284054	15.31848145245906	39.17793978522407	24.421249185035453	23.758500396649197	0.6627487883862564
1902578	12	1000	6.673536215929494	8.371750996000365	8.806933052269265	16.99523918185789	15.48046926819876	25.829983642434843	25.366990177858256	0.46299346457658785
1902578	13	200	7.686061369558121	12.241738794056621	23.06507219328347	27.1783995643928	30.75113356284159	38.7264983228831	39.42013835844942	-0.6936400355663181
1902578	13	500	9.563761378595759	8.537866666125112	7.496123283436502	20.94846390561229	17.05988466203226	29.66472731377754	29.4863305717374	0.1783967420401389
1902578	13	1000	7.533233774994203	8.175471121666098	4.979348020972549	16.941009019581855	12.512581795966753	25.631897008368764	25.116480141247955	0.515416867120809
1902578	14	200	12.560780658606664	13.615830913381096	49.32484822555438	29.89010237553821	61.88562888416105	44.57189567223526	43.50593328891931	1.0659623833159486
1902578	14	500	12.836049886614976	8.66458947562301	80.42784234222687	20.902905483226736	93.26389222884184	29.8909095085996	29.567494958849746	0.3234145497498524
1902578	14	1000	5.2223034124341305	8.204659695696051	47.7637309392846	15.761976108894393	52.98603435171873	24.25006635151436	23.966635804590446	0.28343054692391334
1902578	15	200	18.6652324364111	14.531041195767104	8.182227759204089	16.3505905623267	26.847460195615188	29.498754228649556	30.881631758093803	-1.3828775294442472
1902578	15	500	8.796584276972089	8.1329467329736	8.50847310647712	15.032449819920759	17.30505738344921	22.92315076835455	23.165396552894357	-0.24224578453980783
1902578	15	1000	9.360868306209982	7.740204960020195	37.99954743894986	14.04228864855532	47.36041574515984	21.421391867935665	21.782493608575514	-0.36110174063984957
1902578	16	200	15.285030109228387	15.098455748702719	7.428236501124181	17.179207102195466	22.71326661035257	33.666286506859755	32.27766285089818	1.3886236559615739
1902578	16	500	8.048389470651534	8.191161241201442	10.801902639081506	14.683198119190711	18.85029210973304	22.8335683217644	22.874359360392155	-0.04079103862775568
1902578	16	1000	7.907451701144086	8.034766236115857	6.8788232477442275	14.947223076496526	14.786274948888313	22.582207658878378	22.981989312612384	-0.3997816537340064
1902578	17	200	15.79512196482933	13.589745201767457	15.39468689770419	12.858697725370293	31.189808862533518	25.499911501574946	26.448442927137748	-0.9485314255628019
1902578	17	500	7.682479939454735	7.550688340955762	13.770745962528757	12.324088171186894	21.453225901983494	19.66434272185774	19.874776512142656	-0.2104337902849167
1902578	17	1000	9.02372201166392	7.413300861584094	25.374040115372857	11.613252629017959	34.39776212703678	18.654466975429177	19.026553490602055	-0.37208651517287805
1902578	18	200	16.456322356243977	12.126308935002081	0	8.740393009261524	16.456322356243977	20.816606836862036	20.866701944263603	-0.05009510740156742
1902578	18	500	8.48446261700352	7.975306035642996	7.484224190681358	14.305449571832296	15.968686807684877	22.324603500351	22.280755607475292	0.04384789287570712
1902578	18	1000	6.0253508818448775	6.4534488612864225	11.837130004628738	7.290297651246615	17.862480886473616	13.31038300622984	13.743746512533036	-0.43336350630319664
1902578	19	200	12.494380237064721	11.644420926793511	6.97691696119005	12.758553316999382	19.47129719825477	24.893764575823138	24.402974243792894	0.4907903320302438
1902578	19	500	6.187585006849895	8.070334868141842	4.72980910227213	14.628213966522264	10.917394109122025	22.89355568723689	22.698548834664106	0.19500685257278505
1902578	19	1000	6.36607262515637	6.256650487667595	5.714856742692936	6.383355120551601	12.080929367849306	12.170671774358791	12.640005608219194	-0.4693338338604036
1902578	20	200	8.13948574766985	11.189285977054109	15.073201702473618	11.71728076696548	23.21268745014347	23.819332128621525	22.90656674401959	0.9127653846019363
1902578	20	500	8.530492137924126	7.857045746448549	5.234452895865956	12.148617279539405	13.764945033790081	19.73466135464109	20.005663025987953	-0.2710016713468626
1902578	20	1000	6.545770253979612	5.924559973401773	6.616774100554792	6.180164082237537	13.162544354534404	11.696896805705139	12.10472405563931	-0.4078272499341704
1902578	21	200	11.928776055682476	11.704577029561797	9.463014142491955	10.395787624204807	21.391790198174434	22.312131517117212	22.100364653766604	0.2117668633506078
1902578	21	500	7.9208059963129545	7.714606230204519	9.00846647695735	12.009289640936197	16.929272473270306	19.725201701510912	19.723895871140716	0.0013058303701960483
1902578	21	1000	5.973015684243257	6.107695364061073	7.1644827092055126	6.326826869646053	13.13749839344877	12.0474829799259	12.434522233707126	-0.38703925378122683
1902578	22	200	11.867387710896907	11.64275163203997	18.260480694091097	34.07083615174867	30.127868404988003	46.951207116372835	45.71358778378864	1.2376193325841953
1902578	22	500	5.897430713810851	7.877206665114164	9.56153507340867	13.960224701676736	15.458965787219523	21.798386308126364	21.837431366790902	-0.03904505866453789
1902578	22	1000	5.432769383844603	5.650471537276504	2.4827521751432853	5.658363313806049	7.915521558987888	10.92782400809759	11.308834851082553	-0.38101084298496346
1902578	23	200	8.896259025153977	11.78039710473042	3.4445805428606557	14.623501950348142	12.340839568014633	26.921047852332293	26.40389905507856	0.5171487972537321
1902578	23	500	5.070593605695412	8.074236808069303	9.616157137169866	11.823356377394244	14.686750742865279	20.151438592593355	19.89759318546355	0.2538454071298055
1902578	23	1000	5.265653376251575	5.328545493629035	2.1872605471037865	5.743914252541987	7.452913923355362	10.632258382005515	11.07245974617102	-0.4402013641655049
1902578	24	200	19.52972706454868	11.450278666129213	203.30009413947178	34.22705061827276	222.82982120402045	45.536517571511276	45.67732928440198	-0.14081171289070227
1902578	24	500	7.388297673133631	7.569398114190722	8.423818565843764	11.50416403485109	15.812116238977396	18.829904412086357	19.073562149041813	-0.24365773695545556
1902578	24	1000	4.883842651587449	4.9759827484341885	2.3554819989420293	5.0809416986081475	7.239324650529479	9.898925276713488	10.056924447042336	-0.15799917032884814
1902578	26	200	10.828194302758623	11.379335666288744	2.0178248947473185	21.096535315952536	12.846019197505942	32.358151155263386	32.47587098224128	-0.11771982697789696
1902578	26	500	7.499974737640814	7.3973401907205165	3.9963812306052464	10.264504239556079	11.49635596824606	17.53782886812869	17.661844430276595	-0.12401556214790688
1902578	26	1000	4.720024303606973	4.830818852375319	7.480571018901986	5.0809416986081475	12.20059532250896	9.795463702865943	9.911760550983466	-0.11629684811752306
1902578	27	200	8.98968382336015	10.773484423139966	13.879710829457325	7.182397069413296	22.869394652817476	17.351097316610492	17.95588149255326	-0.6047841759427683
1902578	27	500	6.665647947468824	7.8875427145724215	5.498691531918578	13.785547795955136	12.164339479387401	21.486294843993896	21.673090510527558	-0.18679566653366209
1902578	27	1000	4.381315587951797	4.719312370899915	3.2248118406313937	5.550368286752758	7.606127428583191	10.468952407794072	10.269680657652673	0.1992717501413992
1902578	28	200	8.706208447240746	11.454077319408047	12.776904116478642	7.345790988450273	21.483112563719388	18.201845893826146	18.79986830785832	-0.5980224140321724
1902578	28	500	8.951779585607385	8.522086267510574	7.6350169755612285	14.524830404677799	16.58679656116861	23.587570978736924	23.046916672188374	0.5406543065485501
1902578	28	1000	3.7791735608488652	4.477592686615003	6.483272529328157	5.447283795524251	10.262446090177022	10.150770108461279	9.924876482139254	0.2258936263220246
1902578	29	200	6.864672891349453	8.177152657844271	5.84700860100398	12.013913110790364	12.711681492353431	20.820123201198342	20.191065768634637	0.6290574325637053
1902578	29	500	7.836383671419753	7.387056095103455	5.180059301578329	11.04798805349808	13.016442972998082	18.21935928348179	18.435044148601534	-0.21568486511974427
1902578	29	1000	3.952531314517628	4.8130596414441005	4.072229064207019	5.951392054308695	8.024760378724647	11.212996230700677	10.764451695752795	0.4485445349478816
1902578	30	200	6.352418715269304	7.423712914091254	4.3377604333779125	10.750919352882729	10.690179148647218	18.334394085655894	18.174632266973983	0.1597618186819112
1902578	30	500	5.055591504381672	5.133245689899599	4.268689381507462	5.156558168322146	9.324280885889134	10.032272821678342	10.289803858221745	-0.25753103654340315
1902578	30	1000	3.764058291238155	4.465588874039257	5.157804545610169	5.550368286752758	8.921862836848323	10.300472570135573	10.015957160792016	0.2845154093435571
1902578	31	500	4.822157563070504	5.313834421298686	1.8823077395214924	5.174222292949273	6.704465302591997	10.111645110032565	10.488056714247959	-0.3764116042153933
1902578	31	1000	3.8496258299947983	4.402052732859478	3.486941129795776	5.0809416986081475	7.3365669597905745	9.636354590613855	9.482994431467626	0.1533601591462297
4903634	1	1000	4.023128092545279	4.88187300214886	0	5.552104012706066	4.023128092545279	10.802146898202626	10.433977014854927	0.36816988334769896
4903634	2	1000	4.757680856887911	5.197354436582003	11.276817440128328	6.205042540632685	16.03449829701624	11.841369258200048	11.40239697721469	0.4389722809853591
4903634	3	200	47.91921573156795	57.826753969221556	303.60638357115647	315.52411304104123	351.5255993027244	382.03880964553275	373.3508670102628	8.687942635269962
4903634	3	500	10.205518282433973	8.077067439231518	82.628708026573	18.79126410288479	92.83422630900697	26.772810205639086	26.86833154211631	-0.09552133647722272
4903634	3	1000	4.364036393142129	5.703497117280181	0	9.66432050293821	4.364036393142129	15.584368144396198	15.367817620218391	0.21655052417780674
4903634	4	1000	8.032573997010847	6.134521601791009	27.345786951700713	10.106219411087968	35.37836094871156	16.31909641930869	16.240741012878978	0.0783554064297114
4903634	5	200	89.16092181679501	97.54415301409598	177.00325538696956	188.71385946820422	266.16417720376455	280.27034903909043	286.2580124823002	-5.987663443209783
4903634	5	500	23.374338909041562	8.79632126547973	146.04605852286198	28.76871132265675	169.42039743190355	37.63932491497517	37.565032588136475	0.07429232683869458
4903634	5	1000	4.271978331086394	5.744455867661522	4.3039736548535386	9.09220427683086	8.575951985939932	14.94398616967674	14.836660144492381	0.10732602518435996
4903634	6	1000	10.477224831843264	6.95556706936149	19.8949060384983	15.536354472278648	30.372130870341564	22.826875488612174	22.49192154164014	0.3349539469720355
4903634	7	200	30.797590549716087	36.62704210395897	89.03439433568757	60.712258116809295	119.83198488540366	103.33935987608348	97.33930022076827	6.000059655315212
4903634	7	500	7.505303966715385	8.950327420195602	5.933928009810433	21.35339674753528	13.439231976525818	31.875088320199254	30.303724167730884	1.5713641524683695
4903634	7	1000	7.338766679765849	6.999810929701714	11.635510064380524	18.471743777601315	18.974276744146373	26.19532605181485	25.471554707303028	0.723771344511821
4903634	8	200	43.8516084194467	38.165196330949065	49.3570855438283	34.66648820658471	93.208693963275	72.6118583064197	72.83168453753377	-0.21982623111406951
4903634	8	500	11.900381589728076	9.119274765915838	28.380305389831307	21.788418315653555	40.280686979559384	32.038451416310444	30.90769308156939	1.1307583347410528
4903634	8	1000	7.453705551098729	8.085019090374972	16.81626839548475	17.73072069071692	24.26997394658348	26.347898089864717	25.815739781091892	0.532158308772825
4903634	9	200	22.492663345704315	17.504928773631374	29.351391978554545	28.290341337244694	51.84405532425886	47.763825153548055	45.79527011087607	1.968555042671987
4903634	9	500	8.040783056015469	10.838754552254448	8.449399869428758	18.561002157296702	16.490182925444227	29.50745129874999	29.39975670955115	0.107694589198843
4903634	9	1000	8.072220631552025	8.30631857924317	20.896391080944316	17.376757236452292	28.96861171249634	25.89153224297663	25.68307581569546	0.20845642728117042
4903634	10	200	11.597068799317217	17.023804206740024	16.273925988837657	34.6163559939005	27.870994788154874	51.108514778325386	51.64016020064052	-0.5316454223151368
4903634	10	500	10.0134305657115	8.760629599246464	10.021766875159246	15.652908087059348	20.035197440870746	24.841293032038912	24.413537686305812	0.42775534573310026
4903634	10	1000	9.347935373548381	8.450584846997204	7.067803433202389	15.540605561324899	16.41573880675077	24.325259024962527	23.991190408322105	0.33406861664042253
4903634	11	200	16.10103158524675	17.197661111604067	52.641781694709806	34.92582504551534	68.74281327995655	53.987064626976405	52.1234861571194	1.8635784698570035
4903634	11	500	12.44222822219959	10.823027880151455	19.245452622094295	20.588042247464553	31.687680844293887	31.300656055106252	31.411070127616007	-0.1104140725097551
4903634	11	1000	7.750639061973743	7.997095308790863	6.31459667901872	11.412957569653829	14.065235740992463	20.247493471840748	19.41005287844469	0.8374405933960567
4903634	12	200	17.138564513342903	17.733382590088762	28.767871392110383	34.28011383926382	45.906435905453286	50.75695733685622	52.013496429352585	-1.256539092496368
4903634	12	500	11.581721196300146	9.114097530550815	22.41720232966018	24.78943278458216	33.99892352596033	34.09711426762893	33.903530315132976	0.19358395249595617
4903634	12	1000	10.138369959616012	8.99157695841131	23.017292388846382	17.579594698444268	33.15566234846239	27.42685098605047	26.571171656855576	0.8556793291948956
4903634	13	200	13.565837056714825	14.490878488075186	17.11056570898276	28.67682581061144	30.67640276569759	44.19571843106533	43.16770429868663	1.0280141323787007
4903634	13	500	13.21221940557339	10.54911835619846	68.26396563896205	36.96821256139516	81.47618504453544	47.571874069870695	47.517330917593625	0.05454315227706985
4903634	13	1000	9.393874756718342	8.86976396013481	29.611986326532985	21.9437075529781	39.005861083251325	30.888546063503842	30.81347151311291	0.07507455039093358
4903634	14	200	13.543691876040997	14.513759107498888	22.95846905701519	19.578251251622877	36.50216093305619	33.57253825267619	34.092010359121765	-0.5194721064455763
4903634	14	500	8.361668413770671	9.493714240324888	9.762558630618372	22.662254835970373	18.124227044389045	32.08971835881945	32.155969076295264	-0.06625071747581757
4903634	14	1000	7.8654233949279195	8.614577275053577	18.70272683067658	19.88574474976048	26.568150225604498	29.19334564991278	28.500322024814057	0.6930236250987214
4903634	15	200	7.276050125644529	12.083142032156642	6.610034145956738	13.892872093499138	13.886084271601266	26.12764431210076	25.97601412565578	0.1516301864449794
4903634	15	500	9.539832348531625	8.887283364074937	19.634895570496205	20.12926750755915	29.17472791902783	29.501637679058675	29.016550871634088	0.48508680742458665
4903634	15	1000	8.121922330506935	8.258378304811458	18.031758239413644	15.208667470804393	26.15368056992058	23.851942494131055	23.46704577561585	0.38489671851520413
4903634	16	200	12.398923583098977	11.909152532668221	3.469645492900039	13.058883637442186	15.868569075999016	25.149402556863222	24.96803617011041	0.18136638675281347
4903634	16	500	8.833805282978712	8.539962380639304	9.851124652316889	20.17448270709681	18.6849299352956	29.46878759348227	28.714445087736117	0.7543425057461519
4903634	16	1000	5.87344651111635	8.020992768783342	7.044909524199132	14.021187878086755	12.918356035315481	22.249038247323618	22.042180646870097	0.20685760045352097
4903634	17	200	16.284632511829827	13.33346094592957	4.604605786682572	15.465002305691572	20.8892382985124	28.309585755814002	28.798463251621143	-0.48887749580714157
4903634	17	500	9.40135237948482	8.131728130107842	20.206583689173847	16.88608281643282	29.607936068658667	25.540522770210085	25.01781094654066	0.5227118236694253
4903634	17	1000	5.867202518983073	7.27705933800543	3.8865855091231123	11.29627226075649	9.753788028106186	18.507501554121603	18.57333159876192	-0.06583004464031816
4903634	18	200	20.01876251093575	17.55616384264783	9.654029180810419	19.94483745540537	29.67279169174617	37.574198287431436	37.5010012980532	0.07319698937823915
4903634	18	500	10.838372788196752	9.824059240696355	22.97246482040126	23.610961577254812	33.810837608598014	33.195068038943084	33.43502081795117	-0.23995277900808532
4903634	18	1000	6.200318257798496	6.855609737811433	11.139636238396749	10.049168177745068	17.339954496195244	16.70743597382457	16.9047779155565	-0.19734194173193131
4903634	19	200	22.594147262580886	16.850389940396926	68.2593999058807	27.519341494106445	90.85354716846159	45.74147341571293	44.36973143450337	1.37174198120956
4903634	19	500	8.491577757614778	9.680717231158846	10.754449451842664	26.902728816957712	19.24602720945744	37.220367799173154	36.583446048116556	0.6369217510565974
4903634	19	1000	5.510185923720687	6.777361557761744	4.688724104630154	12.171307463832408	10.198910028350841	18.307562938138265	18.948669021594153	-0.6411060834558882
4903634	20	200	16.208960412732694	16.110155845415235	4.990861104122992	23.561244157868767	21.199821516855685	41.27796916339678	39.671400003284006	1.6065691601127767
4903634	20	500	7.914725848929794	8.264717307677682	11.66794114915959	15.116085452891697	19.582666998089383	23.795697493975993	23.38080276056938	0.4148947334066122
4903634	20	1000	6.437171293521375	5.716035650313206	6.360097997588407	7.1776840910439015	12.797269291109782	12.919818390701469	12.893719741357106	0.026098649344362457
4903634	21	200	10.836739673614403	10.1229951090237	3.6726734045559652	10.516054998090082	14.509413078170368	21.27161462798256	20.639050107113782	0.6325645208687796
4903634	21	500	7.585185832300473	8.200888149766302	29.219425568765534	17.343809684798785	36.804611401066005	25.69098029020613	25.544697834565085	0.14628245564104603
4903634	21	1000	5.725478211272202	5.491105837838435	10.977679786911935	6.827235150594634	16.70315799818414	12.443647708481526	12.318340988433068	0.12530672004845833
4903634	22	200	13.325081489235519	11.719400565909908	0	11.135579217604949	13.325081489235519	23.401761681032955	22.854979783514857	0.5467818975180982
4903634	22	500	7.941183746599225	7.807887969739604	2.183490894918346	13.706963947894227	10.12467464151757	21.907830445076872	21.51485191763383	0.3929785274430415
4903634	22	1000	6.077471575801524	5.522471722373109	5.5438312427028835	5.841875253588057	11.621302818504407	11.235088848731907	11.364346975961165	-0.12925812722925833
4903634	23	200	9.608089582360932	11.3806510972411	11.981376147035665	22.745288381504277	21.589465729396597	33.91298903995049	34.12593947874538	-0.21295043879489128
4903634	23	500	5.676188642433657	7.488569286199052	9.284725371590199	11.361318003607634	14.960914014023857	18.875904333228586	18.849887289806688	0.026017043421898478
4903634	23	1000	5.585334595552798	5.175984153194793	6.129896479930824	5.969056178935822	11.715231075483622	11.29947783469015	11.145040332130616	0.15443750255953326
4903634	24	200	12.122311445866378	11.327304249855771	2.4834736680433283	19.335806137617617	14.605785113909707	31.16528179172422	30.663110387473388	0.5021714042508307
4903634	24	500	8.882970913468471	7.766625819132536	7.812893065249132	10.865036875155521	16.695863978717604	18.672900252385457	18.631662694288057	0.04123755809740004
4903634	24	1000	5.363919867889714	4.937957298036842	2.4464244419289667	5.156558168322146	7.810344309818681	10.041643547084753	10.094515466358988	-0.05287191927423507
4903634	25	200	12.265514372794367	11.269809962388988	10.830062403931668	17.30021599091474	23.095576776726034	29.148110605950986	28.570025953303727	0.5780846526472594
4903634	25	500	6.652246209481249	6.902837962372283	3.6668076215897583	7.428295745963073	10.319053831071008	13.84967763287336	14.331133708335356	-0.4814560754619954
4903634	25	1000	5.7327491182164385	4.936069069459003	6.165256756814094	5.0809416986081475	11.898005875030533	9.898925276713488	10.01701076806715	-0.11808549135366242
4903634	26	1000	5.254480969646277	5.28073930263234	2.941590160606909	5.058375363669955	8.196071130253186	9.8614865330731	10.339114666302295	-0.47762813322919584
4903634	27	200	7.76355081216491	8.758129352112926	3.0610132372505126	13.344830272258442	10.824564049415422	22.658742660273404	22.102959624371366	0.5557830359020386
4903634	27	500	6.223250894016552	6.236558332300367	5.579705718214575	5.33763839154541	11.802956612231126	10.691506952337516	11.574196723845777	-0.8826897715082609
4903634	27	1000	5.145068110319383	4.875015134025429	3.1383218347953616	5.058375363669955	8.283389945114745	9.810826049720223	9.933390497695385	-0.12256444797516153
4903634	28	200	9.252457687901435	7.527279289538162	0	9.58965441748214	9.252457687901435	17.138094557689232	17.1169337070203	0.02116085066893092
4903634	28	500	5.630826467271857	5.615633502454052	3.19729416701761	5.447129576369153	8.828120634289466	10.50136884035437	11.062763078823204	-0.561394238468834
4903634	28	1000	4.295363059425965	4.776456224860805	1.546933062173813	5.058375363669955	5.8422961215997775	9.797518653913897	9.834831588530761	-0.03731293461686391
4903634	29	200	8.032458697019084	7.3964986871901175	3.249005671642284	9.68737080216005	11.281464368661368	17.145907268240215	17.083869489350167	0.06203777889004769
4903634	29	500	5.5064453682324555	5.601944392544097	3.5726592672509074	5.0809416986081475	9.079104635483363	9.889554551307077	10.682886091152245	-0.7933315398451679
4903634	29	1000	4.886211283684123	4.857031883567394	1.4744477617687997	5.058375363669955	6.360659045452922	9.810826049720223	9.915407247237349	-0.1045811975171258
4903634	30	500	5.4070791889087	5.194359248921773	4.113656632900747	5.058375363669955	9.520735821809446	9.797518653913897	10.252734612591729	-0.45521595867783127
4903634	30	1000	5.004855816479651	4.660900845139389	2.086558591443771	5.058375363669955	7.091414407923422	9.781038612872237	9.719276208809344	0.06176240406289324
4903634	31	500	6.096552685723497	4.946752486232592	3.118482938946457	5.058375363669955	9.215035624669953	9.810826049720223	10.005127849902546	-0.19430180018232335
4903634	31	1000	4.051398788506959	4.512747322699743	0.7890572292230376	5.058375363669955	4.840456017729997	9.648878207767856	9.571122686369698	0.07775552139815822
6904240	1	1000	4.760149568003743	5.161729917355867	0	5.156558168322146	4.760149568003743	10.138911098451317	10.318288085678013	-0.17937698722669637
6904240	2	1000	5.129640605466296	4.966560868499889	2.608847960247692	5.151655958011081	7.738488565713988	10.113005103323765	10.11821682651097	-0.005211723187205308
6904240	3	200	47.89052663244098	44.59427443805502	236.14911764855853	259.14382362104067	284.0396442809995	305.98196167581375	303.7380980590957	2.243863616718045
6904240	3	500	8.347830019488592	6.2491182077286	16.778387628436807	15.242364011462657	25.1262176479254	20.970909141713843	21.491482219191255	-0.5205730774774118
6904240	3	1000	6.043505789710054	6.370433985534851	25.776150856936287	15.425545747288785	31.81965664664634	22.570529593347814	21.795979732823636	0.7745498605241785
6904240	4	1000	3.2859223808154057	7.201392578249529	33.05180179676407	20.588837391783496	36.337724177579474	28.52185244323803	27.790229970033025	0.7316224732050038
6904240	5	200	32.104480486303764	31.22076400546981	20.910945053092593	41.5243266120726	53.01542553939636	65.90595768198628	72.74509061754242	-6.839132935556137
6904240	5	500	7.8342998477496355	8.899056503909181	14.47619183437962	17.24378211415411	22.310491682129253	27.171759066858034	26.142838618063294	1.0289204487947394
6904240	5	1000	6.9637945828639305	8.29113158668489	34.221610733891836	21.206377330693694	41.18540531675577	29.82122676268173	29.497508917378582	0.32371784530314685
6904240	6	200	16.346852109324487	14.947194871422065	17.34030984504325	18.026523951879692	33.68716195436774	33.047074926088094	32.97371882330176	0.07335610278633453
6904240	6	500	10.416428012991759	10.487272054673657	18.20728549581219	16.15804634582708	28.62371350880395	27.39390267429168	26.645318400500738	0.74858427379094294
6904240	6	1000	8.681181448259212	8.349637276281273	8.074921016003735	15.104940412017676	16.756102464262945	24.087478921750076	23.454577688298947	0.632901233451129
6904240	7	200	9.045809936369773	15.376459081337345	13.909273290598858	16.333316124481698	22.955083226968632	30.07550194977981	31.709775205819042	-1.6342732560392328
6904240	7	500	9.019640844312983	8.29156916363451	31.824824007340762	14.470992221768762	40.84446485165375	22.691752550098713	22.762561385403274	-0.07080883530456106
6904240	7	1000	10.004178361028435	8.29361227260175	14.205504436883029	16.195100735271428	24.209682797911462	24.997413009234535	24.48871300787318	0.5087000013613547
6904240	8	200	13.361459461336224	13.07728975875019	78.32020746557103	40.84159364746958	91.68166692690725	56.50142114380989	53.91888340621977	2.5825377375901226
6904240	8	500	7.21665174778845	8.300543858291878	2.735669452269011	15.101634657602267	9.952321200057462	23.235432900231196	23.402178515894143	-0.166745615662947
6904240	8	1000	9.188976756029888	8.496465542012816	15.01540599849435	16.14515756955208	24.20438275452424	25.490359151342776	24.641623111564897	0.8487360397778794
6904240	9	200	15.419136671932888	13.549639157805581	8.961684860902384	41.34968753035629	24.38082153283527	58.25774229195459	54.89932668816187	3.3584156037927215
6904240	9	500	8.0475685275244	8.113779311276652	45.59664963465787	26.144643450495362	53.64421816218227	33.10429511814176	34.25842276177201	-1.1541276436302468
6904240	9	1000	9.324024730661156	8.998096834839941	26.850136455248364	18.539205745712078	36.17416118590952	28.715985240613186	27.53730258055202	1.1786826600611668
6904240	10	200	19.79402884357112	16.380693364825916	61.981908628000696	44.02873230377461	81.77593747157181	59.28351172939003	60.40942566860053	-1.1259139392104984
6904240	10	500	8.247737612905532	8.261391307692904	38.9018871362366	23.309590504266563	47.149624749142134	30.721726921470214	31.570981811959467	-0.8492548904892523
6904240	10	1000	7.959221376541481	9.026253208529583	19.027539199443755	20.646694424422723	26.986760575985237	30.642365572335347	29.672947632952308	0.9694179393830389
6904240	11	200	13.278706779266448	12.504885612387493	10.57265884046528	23.704833896570904	23.85136561973173	36.99823412943175	36.2097195089584	0.7885146204733502
6904240	11	500	8.352262412706601	8.415335151757228	9.163766691062353	19.622871172666034	17.516029103768954	27.396347946726433	28.038206324423264	-0.6418583776968312
6904240	11	1000	7.018283433311723	8.275297997284405	12.832480698894942	17.386121571801606	19.850764132206663	26.341704214709576	25.66141956908601	0.6802846456235656
6904240	13	200	9.691910510261028	12.289871241811372	12.74878921992388	16.053357248371267	22.44069973018491	28.73172010202436	28.34322849018264	0.3884916118417223
6904240	13	500	6.117289948838274	5.476354783119908	4.613859829017086	6.597554906341413	10.73114977785536	12.061523160778165	12.07390968946132	-0.012386528683155262
6904240	13	1000	7.304379623438526	8.137723483652588	17.07523258733568	16.12058441946817	24.379612210774205	24.79641603061151	24.25830790312076	0.5381081274907515
6904240	14	200	15.13466574682025	12.254372981570873	5.023427528843905	17.446233472839694	20.158093275664157	29.459680749794103	29.70060645441057	-0.24092570461646545
6904240	14	500	11.214685249522825	8.072367534424776	20.64659611741697	19.12670802289081	31.861281366939792	27.427849502614343	27.199075557315588	0.22877394529875517
6904240	14	1000	5.82378106855479	6.795820576805634	6.929399819692028	7.319284470414509	12.753180888246817	13.85847023547542	14.115105047220144	-0.2566348117447248
6904240	15	200	16.458990330821198	13.722884931067934	13.834665874430222	14.023456596805252	30.29365620525142	26.779167599242257	27.746341527873184	-0.9671739286309275
6904240	15	500	7.340906276663133	7.549670224041505	13.988822725085173	14.48728998024957	21.329729001748305	21.511582518565493	22.036960204291073	-0.5253776857255801
6904240	15	1000	7.4704039847215835	5.962528157040095	4.638486053295226	7.209177200674988	12.10889003801681	12.909405432164617	13.171705357715084	-0.262299925550467
6904240	16	200	14.192802784521966	13.331013241314427	5.198422042089401	12.200697377451185	19.391224826611367	24.780349325346588	25.53171061876561	-0.7513612934190235
6904240	16	500	8.701225669646858	8.152444073481991	11.681137399603816	16.644172013779887	20.382363069250673	25.133402016617865	24.796616087261878	0.3367859293559867
6904240	16	1000	5.457326564714447	5.693464488274625	6.036502629596718	7.224182761633107	11.493829194311164	12.820471868240253	12.91764724990773	-0.09717538166747808
6904240	17	200	18.02950044110633	12.732329750086874	4.39401179192748	10.77813042224706	22.423512233033808	23.122144843564197	23.510460172333936	-0.38831532876973895
6904240	17	500	5.567744683689474	8.41025589595523	8.441477937599645	15.34893207115622	14.009222621289119	24.331767446008527	23.75918796711145	0.5725794788970759
6904240	17	1000	5.463905434151489	5.496475989937562	7.422528767023792	6.912294229286525	12.88643420117528	12.598012620612224	12.408770219224088	0.1892424013881353
6904240	18	200	20.22549308776069	16.680933356473258	11.952417348721458	15.811682375704335	32.17791043648215	33.34768359641171	32.49261573217759	0.8550678642341225
6904240	18	500	7.4637198960885085	7.952477313953516	6.90956075050876	13.447059720672486	14.37328064659727	21.625525303564654	21.399537034626	0.22598826893865365
6904240	18	1000	5.64173315416709	5.046453731725671	8.980517819028476	5.969056178935822	14.622250973195566	11.29947783469015	11.015509910661493	0.2839679240286568
6904240	19	200	9.373044474894455	12.495420224846029	12.710468215425925	15.135620049139911	22.08351269032038	27.700306913540977	27.63104027398594	0.06926663955503898
6904240	19	500	6.560983656504816	7.553208303852266	12.582028079250188	13.200035698139287	19.143011735755003	20.598283946754307	20.753244001991554	-0.15496005523724676
6904240	19	1000	4.891785252486798	4.7563212965441775	5.283458029478415	5.83774747060772	10.175243281965212	11.012311474565596	10.594068767151898	0.4182427074136985
6904240	20	200	14.413932893468102	13.608737102040822	90.44323707356683	52.130464931597864	104.85716996703493	68.63115558614513	65.73920203363869	2.891953552506436
6904240	20	500	8.390494342498938	8.283849675275437	12.108795819906016	17.924041368240083	20.499290162404954	26.43643818018514	26.20789104351552	0.22854713666961857
6904240	20	1000	4.521481916569402	4.912479961153013	39.609256289801685	5.927450475291714	44.130738206371085	11.067797588386423	10.839930436444728	0.2278671519416946
6904240	21	200	9.473757320916693	11.42824446775193	25.065220695855114	15.507417548578273	34.53897801677181	27.67425499286967	26.935662016330205	0.738592976539465
6904240	21	500	7.50545615226996	7.791189098798184	5.842793206582504	14.757935896667597	13.348249358852463	22.239460654618156	22.54912499546578	-0.3096643408476254
6904240	21	1000	4.455008916011475	4.976031202383872	12.185636195188689	6.256459489648744	16.640645111200165	11.455652819377015	11.232490692032616	0.22316212734439844
6904240	22	500	8.78396900507057	6.811654090863772	3.601230448052338	11.770179748907594	12.385199453122908	18.353387890521933	18.581833839771367	-0.2284459492494335
6904240	22	1000	4.520630923967571	4.717259830943912	3.304315087276733	5.313725896916707	7.824946011244304	10.192456255466873	10.03098572786062	0.16147052760625336
6904240	23	200	10.791010591901404	8.770044788392036	11.47785714494369	15.826539399097182	22.268867736845095	25.791967780807383	24.59658418748922	1.1953835933181622
6904240	23	500	5.442052896652928	5.641474587425041	5.812712616791701	7.117973903147232	11.254765513444628	12.814433821782012	12.759448490572272	0.054985331209740806
6904240	23	1000	4.4515068056493154	4.630281883329744	2.5710373519017202	5.447283795524251	7.022544157551035	10.235503876106394	10.077565678853993	0.15793819725240077
6904240	24	200	4.733446326659058	8.277673852051326	6.362401487008705	12.52268872238342	11.095847813667763	21.121971000951334	20.800362574434743	0.3216084265165904
6904240	24	500	5.103607510199974	5.5547673276679355	4.463368187887032	5.660782235618522	9.566975698087006	10.99206193631382	11.215549563286459	-0.2234876269726378
6904240	24	1000	3.4878150055496637	4.387234622857436	1.4175999097387835	5.0809416986081475	4.905414915288447	9.588651563304667	9.468176321465585	0.12047524183908287
6904240	25	200	8.064282121133576	7.780841684621088	8.961483410368254	10.38678805971795	17.025765531501833	18.15868202616125	18.167629744339038	-0.008947718177786612
6904240	25	500	5.815177751498068	5.279081137219488	10.739986193929884	7.966642812372485	16.55516394542795	13.446378961604527	13.245723949591973	0.20065501201255387
6904240	25	1000	4.232821705481097	4.395962340211103	3.7294303033354774	5.550368286752758	7.9622520088165745	10.252769542826385	9.94633062696386	0.30643891586252536
6904240	26	200	7.67806003914128	8.018583631028601	6.938624777347058	10.455660328925548	14.616684816488338	19.133137447128718	18.47424395995415	0.6588934871745664
6904240	26	500	5.045848460718811	4.825520071731758	8.478398351334317	5.373796417639956	13.524246812053129	10.449011504471585	10.199316489371714	0.2496950150998707
6904240	26	1000	3.6756191343040276	4.395962340211103	2.424333414795217	5.550368286752758	6.099952549099244	10.262140268232796	9.94633062696386	0.3158096412689364
6904240	27	200	4.1073266309383225	7.523938869665059	3.34826309008215	8.932042625956448	7.4555897210204725	16.20113643876589	16.455981495621508	-0.2548450568556184
6904240	27	500	5.800821455253442	4.669687981142867	5.8873725827682275	5.367244320727549	11.68819403802167	10.370431710030688	10.036932301870415	0.33349940816027335
6904240	27	1000	3.487537002223184	4.397827657447852	0.7675730151038039	5.550368286752758	4.255110017326988	10.262140268232796	9.94819594420061	0.3139443240321871
6904240	28	500	5.147952934093609	4.7200534260259035	2.317367375189073	5.133991833383954	7.465320309282681	10.004204803444365	9.854045259409858	0.1501595440345067
6904240	28	1000	3.4990958757696897	4.387234622857436	5.713788907011212	5.0809416986081475	9.212884782780902	9.598022288711078	9.468176321465585	0.1298459672454939
6904241	1	1000	3.779680667092377	5.647974737910357	0	9.38024786828504	3.779680667092377	15.241727289921577	15.028222606195396	0.2135046837261818
6904241	2	1000	2.2286662868513774	5.385819430154225	11.060448877588229	11.29684207180282	13.289115164439606	16.480753661219477	16.682661501957043	-0.20190784073756518
6904241	3	200	27.15207827788759	12.3393929689372	155.64889083981575	39.38370940468386	182.80096911770335	52.0259229421897	51.72310237362106	0.3028205685686416
6904241	3	500	8.298505752752611	8.34633849269437	23.978023106076556	20.25646852891704	32.27652885882917	28.299757917384916	28.60280702161141	-0.30304910422649556
6904241	3	1000	4.961289007848108	6.697035892643459	30.168462501078583	15.139283438899763	35.12975150892669	22.229052991907032	21.836319331543223	0.39273366036380963
6904241	4	200	18.565479548353313	11.854235862243023	34.395706431856205	22.82141300454151	52.96118598020952	34.15571078505596	34.67564886678453	-0.5199380817285686
6904241	4	500	11.950992251572025	8.578320481804136	14.57388876932478	13.011723560464874	26.524881020896807	22.177289597753347	21.59004404226901	0.587245555484337
6904241	4	1000	7.5831963515452	8.09623099089998	7.101245971102815	13.094766408076543	14.684442322648014	21.879897240304174	21.19099739897652	0.6888998413276539
6904241	5	200	6.472749845289518	11.40521238435703	17.93844150321428	28.6366233072253	24.411191348503795	40.135805955269824	40.04183569158233	0.0939702636874955
6904241	5	500	6.2494798772032425	8.31678310494407	14.996224358665074	15.055351186384577	21.245704235868317	23.837983103993835	23.37213429132865	0.4658488126651861
6904241	5	1000	7.331408455045691	7.911231086393837	18.240197571117843	13.550087996834286	25.571606026163533	22.44237502107043	21.461319083228123	0.9810559378423065
6904241	6	200	8.153664767016148	9.92364431878633	3.7878926986929518	15.383754901008992	11.9415574657091	25.504908820965177	25.30739921979532	0.1975096011698554
6904241	6	500	9.866851985163661	8.756484482587513	5.932260024953545	21.711234807973625	15.799112010117206	30.63559063898886	30.46771929056114	0.16787134842772033
6904241	6	1000	12.541823171445383	8.49021821456133	16.78721884431886	18.716391128322048	29.329042015764244	27.509160659783344	27.206609342883375	0.3025513168999687
6904241	7	200	13.521139189681723	14.020229761674917	57.53333583201128	59.11309214971632	71.05447502169301	71.51548031374804	73.13332191139123	-1.6178415976431921
6904241	7	500	8.775552074884226	7.819851751392882	21.99290824576893	16.234744492667822	30.768460320653155	23.602206583802026	24.054596244060704	-0.4523896602586781
6904241	7	1000	10.335591691920769	10.200809455524318	32.10619458774444	23.09441687010327	42.44178627966521	32.82667858989546	33.29522632562759	-0.4685477357321304
6904241	8	200	8.990205112570399	10.652930243020688	16.664299443904476	17.287423435937363	25.654504556474876	28.83331129882912	27.94035367895805	0.8929576198710691
6904241	8	500	8.846968382912857	8.088913471271049	22.908946873030562	12.300491194127785	31.75591525594342	20.640059425163244	20.389404665398835	0.25065475976440865
6904241	8	1000	6.919517229000967	8.450306098950161	14.361631123482539	21.106291184048835	21.281148352483505	30.101249110744142	29.556597282998997	0.5446518277451453
6904241	9	200	9.640672801005495	12.209903386287047	25.654200304507707	26.206953526407062	35.294873105513204	38.807043203672876	38.41685691269411	0.3901862909787681
6904241	9	500	9.51502344723612	8.001764317716972	67.95913754680961	15.341602145709494	77.47416099404573	23.24589287569399	23.343366463426467	-0.09747358773247683
6904241	9	1000	7.902696509507495	8.348629562585943	14.14751751290287	17.40481934497037	22.050214022410366	26.184138631120817	25.75344890755631	0.4306897235645053
6904241	10	200	12.28201528789127	13.985676097414213	33.84697206770331	34.306995451931265	46.12898735559458	49.74132496734332	48.29267154934548	1.4486534179978392
6904241	10	500	12.141887750365619	8.221481299238048	19.45577558391546	18.65671038423999	31.59766333428108	26.674731209512984	26.878191683478036	-0.20346047396505185
6904241	10	1000	8.987146417381046	7.80173984121462	26.365439912857635	13.370836150269213	35.35258633023868	21.0350667693672	21.172575991483832	-0.13750922211663053
6904241	11	200	9.903578353018448	12.250284585685124	8.417607532032449	16.12183913501517	18.321185885050895	28.56730260623733	28.372123720700294	0.195178885537036
6904241	11	500	10.774835714898906	7.592265784782668	12.527965913668753	11.272277197043625	23.302801628567657	18.940398361770313	18.864542981826293	0.07585537994402003
6904241	11	1000	5.6501809824880675	8.141609521663385	17.9083376306587	15.610897325519312	23.558518613146767	24.24737441477918	23.752506847182698	0.49486756759648287
6904241	12	200	17.80700070665149	13.322871006658907	43.8635371984287	17.348843900642095	61.670537905080195	30.718996244829217	30.671714907301002	0.04728133752821506
6904241	12	500	9.57034766346969	8.109276156108997	20.506199632276942	14.700199654679855	30.076547295746632	22.612464480206494	22.809475810788854	-0.19701133058235953
6904241	12	1000	5.530676069042209	7.330332157599263	6.993170883427092	12.012018864326711	12.5238469524693	19.314165192357645	19.342351021925975	-0.028185829568329268
6904241	13	200	18.33047988114717	14.717622268254575	14.75164299617736	15.994085006858962	33.08212287732453	30.600485895745265	30.711707275113536	-0.11122137936827059
6904241	13	500	11.808780119855628	8.684872473848978	3.3959776017810364	18.405546723285948	15.204757721636664	26.791669418341588	27.090419197134928	-0.29874977879333997
6904241	13	1000	6.882424910900858	7.30070452497472	17.65400194993845	10.752102993495631	24.53642686083931	17.871285021666626	18.052807518470352	-0.18152249680372634
6904241	14	200	14.000608550679146	12.303293170058312	8.378654586285844	12.955522788546903	22.37926313696499	25.28779980934239	25.258815958605215	0.028983850737173356
6904241	14	500	7.567498096187296	7.81959624809355	6.1256933589281	13.923934427199562	13.693191455115397	21.8197429009642	21.743530675293112	0.07621222567108887
6904241	14	1000	6.422958634234097	5.813001559127314	3.41313471137493	6.6547360130460085	9.836093345609026	12.221807490384123	12.467737572173323	-0.24593008178920073
6904241	15	200	17.036305005949746	16.595339440947	5.135612045805165	13.105266416857003	22.17191705175491	30.185058277700303	29.700605857804003	0.48445241989630006
6904241	15	500	11.169250693156805	8.302788412552092	14.379937363438934	14.055159567722031	25.54918805659574	22.650217021099124	22.357947980274123	0.29226904082500127
6904241	15	1000	5.9387515378450155	5.43323851773896	5.06633883981897	6.3950193385052625	11.005090377663986	11.794018989156829	11.828257856244223	-0.0342388670873941
6904241	16	200	10.563170974835671	11.3651294476242	6.373045081123759	10.712678132985122	16.93621605595943	22.372001270688298	22.077807580609324	0.29419369007897345
6904241	16	500	5.99204516061275	7.620990759729294	2.7099669985826185	12.193379448117488	8.702012159195368	19.413343732954502	19.814370207846782	-0.40102647489228005
6904241	16	1000	5.346598839900611	5.458468138969033	6.546552269687743	5.969056178935822	11.893151109588354	11.328905846215326	11.427524317904854	-0.09861847168952842
6904241	17	200	10.644913254712446	11.459520988555289	4.630162951883217	8.661276382909316	15.275076206595664	20.210875517204627	20.120797371464604	0.09007814574002282
6904241	17	500	6.218960416339158	7.162282085718656	5.323280216740723	10.570404554897195	11.542240633079881	17.576611130739096	17.732686640615853	-0.15607550987675722
6904241	17	1000	4.820693408728009	4.990838092876609	3.4634054849590803	5.625984756466757	8.284098893687089	10.705761526606471	10.616822849343365	0.08893867726310667
6904241	18	200	9.944788999589708	11.513310461669366	11.06868467501213	10.845683666172595	21.01347367460184	22.736207889514372	22.35899412784196	0.3772137616724116
6904241	18	500	5.771223726888137	7.202736583217339	15.479653136832413	10.298103067268714	21.25087686372055	17.099026984479007	17.500839650486054	-0.40181266600704646
6904241	18	1000	5.08891509445245	4.982110375522942	9.32090910963142	5.156558168322146	14.409824204083872	10.041643547084753	10.138668543845089	-0.09702499676033582
6904241	19	200	10.16498174213195	11.280038635924	26.41053601052361	14.064936487455315	36.57551775265556	26.369700381151286	25.344975123379314	1.0247252577719728
6904241	19	500	6.116018916977816	7.3372283768835596	24.446750687495914	11.318326563012219	30.56276960447373	18.489047560095077	18.65555493989578	-0.16650737980070218
6904241	19	1000	5.2433875425817975	5.331065914346149	1.7478958571950414	5.555278822577542	6.991283399776838	10.64608200704171	10.88634473692369	-0.24026272988198016
