Date_of_analysis,Cruise,Latitude,Longitude,Sampling_date_(UTC),Station,Sample_code,Phytofloat_sample,CTD,Bottle,Depth_(m),Filtered_Vol_(L),Chlorophyllide_b,Chldb-QA,Chlorophyll_c3,Chlc3-QA,Chlorophyll_c1+c2+MgDVP,Chlc2-QA,Chlorophyllid_a,Chlda-QA,Peridinin,Peri-QA,Phaeophorbid_a,Phda-QA,19'-Butanoyloxyfucoxanthin,But-QA,Fucoxanthin,Fuco-QA,Neoxanthin,Neo-QA,19'-Hex-4-ketofucoxanthin,Hex4k-QA,Prasinoxanthin,Pras-QA,Violaxanthin,Viola-QA,19'-Hexanoyloxyfucoxanthin,Hex-QA,Diadinoxanthin,Diadino-QA,Antheraxanthin,Anthera-QA,Alloxanthin,Allo-QA,Monadoxanthin,Monado-QA,Diatoxanthin,Diato-QA,Zeaxanthin,Zea-QA,Lutein,Lut-QA,Bacteriochlorophyll_a,Bchla-QA,TChlb,TChlb-QA,Chlc2-MGDG,Chlc2MGDV-QA,Divinyl_Chlorophyll_a,DVChla-QA,Chlorophyll_a,Chla-QA,Total_Chlorophyll_a,Tchla-QA,Phaeophytin_a,Phytna-QA,Sum_Carotenes,Tcar-QA,Observations,fuco,HF+BF,HF+BF/fuco
24/08/2022,CE22009,57.4783,-48.6160,19/05/2022,3,CE22009_002_03,PF,2,3,181,1.00,,1,0.0018,1,0.0013,1,,1,,1,0.0076,1,0.0020,1,0.0044,1,,1,,2,,1,,1,0.0025,1,,1,,1,,1,,1,,1,,1,,1,,1,,1,,1,,1,0.0178,1,0.0178,1,,1,,1,0,0.0044,0.0045,1.02272727272727
24/08/2022,CE22009,57.4782,-48.6159,19/05/2022,3,CE22009_002_19,PF,2,19,26,0.43,,1,0.5057,1,0.5474,1,,1,,1,0.0563,1,0.0314,1,0.8252,1,,1,0.0603,1,,1,,1,0.1412,1,0.0715,1,,1,0.0065,1,,1,,1,0.0091,1,,1,,1,0.0395,1,0.1590,1,,1,3.2393,1,3.2393,1,0.0553,1,0.0300,1,0,0.8252,0.1726,0.209161415414445
24/08/2022,CE22009,57.4782,-48.6160,19/05/2022,3,CE22009_002_22,PF,2,22,4,0.62,,1,0.1971,1,0.2747,1,,1,0.1090,1,0.0327,1,0.0243,1,0.3378,1,,1,0.0272,1,,1,,1,0.1078,1,0.0648,1,,1,0.0179,1,,1,0.0083,1,0.0108,1,,1,,1,0.0423,1,0.0678,1,,1,1.7071,1,1.7071,1,,1,0.0195,1,0,0.3378,0.1321,0.391059798697454
22/08/2022,CE22009,58.8168,-49.1100,20/05/2022,4,CE22009_008_09,0,8,9,205,0.50,,1,0.0077,1,0.0059,1,,1,,1,0.0127,1,,1,0.0162,1,,1,,1,,1,,1,0.0045,1,,1,,1,,1,,1,,1,,1,,1,,1,,1,,1,,1,0.0569,1,0.0569,1,,1,0.0274,1,0,0.0162,0.0045,0.277777777777778
22/08/2022,CE22009,58.8168,-49.1100,20/05/2022,4,CE22009_008_10,0,8,10,154,0.50,,1,0.0379,1,0.0269,1,,1,,1,0.0511,1,0.0053,1,0.0724,1,,1,0.0068,1,,1,,1,0.0114,1,0.0090,1,,1,,1,,1,,1,,1,,1,,1,,1,0.0125,1,,1,0.2547,1,0.2547,1,0.0115,1,0.0054,1,0,0.0724,0.0167,0.230662983425414
22/08/2022,CE22009,58.8168,-49.1100,20/05/2022,4,CE22009_008_11,0,8,11,132,0.50,,1,0.0998,1,0.0686,1,,1,,1,0.0627,1,0.0063,1,0.1809,1,,1,0.0174,1,,1,,1,0.0166,1,0.0190,1,,1,,1,,1,,1,,1,,1,,1,,1,0.0295,1,,1,0.6068,1,0.6068,1,0.0223,1,0.0100,1,0,0.1809,0.0229,0.126589275843007
22/08/2022,CE22009,58.8168,-49.1100,20/05/2022,4,CE22009_008_12,0,8,12,112,0.50,,1,0.2180,1,0.1481,1,,1,,1,0.0699,1,0.0082,1,0.3759,1,,1,0.0315,1,,1,,1,0.0271,1,0.0415,1,,1,,1,,1,,1,,1,,1,,1,,1,0.0204,1,,1,1.2648,1,1.2648,1,0.0433,1,0.0191,1,0,0.3759,0.0353,0.09390795424315
22/08/2022,CE22009,58.8168,-49.1100,20/05/2022,4,CE22009_008_13,0,8,13,92,0.50,,1,0.3756,1,0.2905,1,,1,,1,0.0613,1,0.0141,1,0.6863,1,,1,0.0595,1,,1,,1,0.0508,1,0.0714,1,,1,,1,,1,,1,,1,,1,,1,,1,0.1209,1,,1,2.3440,1,2.3440,1,0.0675,1,0.0323,1,0,0.6863,0.0649,0.094565059012094
22/08/2022,CE22009,58.8168,-49.1100,20/05/2022,4,CE22009_008_14,0,8,14,77,0.50,,1,0.4962,1,0.3799,1,,1,,1,0.0591,1,0.0243,1,0.8207,1,,1,0.0713,1,,1,,1,0.0825,1,0.0809,1,,1,,1,,1,,1,0.0079,1,,1,,1,,1,0.1416,1,,1,2.8840,1,2.8840,1,0.0566,1,0.0354,1,0,0.8207,0.1068,0.130132813451931
22/08/2022,CE22009,58.8168,-49.1100,20/05/2022,4,CE22009_008_21,0,8,21,52,0.50,,1,0.4667,1,0.4466,1,,1,,1,0.0710,1,0.0375,1,0.9293,1,,1,0.0947,1,,1,,1,0.1332,1,0.0787,1,,1,,1,,1,,1,0.0168,1,,1,,1,,1,0.1739,1,,1,3.0143,1,3.0143,1,0.0567,1,0.0340,1,0,0.9293,0.1707,0.183686645862477
22/08/2022,CE22009,58.8168,-49.1100,20/05/2022,4,CE22009_008_22,0,8,22,26,0.50,,1,0.2562,1,0.2903,1,,1,0.0296,1,0.0449,1,0.0281,1,0.4558,1,,1,0.0360,1,,1,,1,0.1612,1,0.0477,1,,1,0.0064,1,,1,,1,0.0200,1,,1,,1,,1,0.0924,1,,1,1.7510,1,1.7510,1,0.0278,1,0.0176,1,0,0.4558,0.1893,0.415313734093901
22/08/2022,CE22009,58.8168,-49.1101,20/05/2022,4,CE22009_008_23,0,8,23,15,0.50,,1,0.0911,1,0.1563,1,,1,0.0695,1,,1,0.0229,1,0.1945,1,,1,0.0143,1,,1,,1,0.0876,1,0.0550,1,,1,0.0754,1,,1,0.0081,1,0.0183,1,,1,,1,,1,0.0571,1,,1,1.1619,1,1.1619,1,,1,0.0214,1,0,0.1945,0.1105,0.568123393316195
22/08/2022,CE22009,58.8168,-49.1101,20/05/2022,4,CE22009_008_24,0,8,24,5,0.50,,1,0.0506,1,0.0883,1,,1,0.0713,1,,1,0.0139,1,0.1085,1,,1,0.0092,1,,1,,1,0.0500,1,0.0468,1,,1,0.0383,1,,1,0.0109,1,0.0159,1,,1,,1,0.0128,1,0.0189,1,,1,0.6762,1,0.6762,1,,1,0.0552,1,0,0.1085,0.0639,0.588940092165899
24/08/2022,CE22009,58.8168,-49.4431,21/05/2022,6,CE22009_011_09,0,11,9,203,0.50,,1,0.0189,1,0.0121,1,,1,,1,0.0249,1,,1,0.0459,1,,1,0.0044,2,,1,,1,0.0045,1,0.0047,1,,1,,1,,1,,1,,1,,1,,1,,1,0.0070,1,,1,0.1071,1,0.1071,1,0.0059,1,0.0028,1,0,0.0459,0.0045,0.098039215686275
24/08/2022,CE22009,58.8168,-49.4430,21/05/2022,6,CE22009_011_11,PF,11,11,182,0.50,,1,0.0171,1,0.0124,1,,1,,1,0.0166,1,,1,0.0435,1,,1,0.0039,1,,1,,1,0.0056,1,0.0045,1,,1,,1,,1,,1,,1,,1,,1,,1,0.0063,1,,1,0.1122,1,0.1122,1,0.0068,1,0.0024,1,0,0.0435,0.0056,0.128735632183908
24/08/2022,CE22009,58.8168,-49.4430,21/05/2022,6,CE22009_011_12,0,11,12,152,0.50,,1,0.0543,1,0.0366,1,,1,,1,0.0336,1,,1,0.1230,1,,1,0.0132,1,,1,,1,0.0115,1,0.0121,1,,1,,1,,1,,1,,1,,1,,1,,1,0.0209,1,,1,0.3266,1,0.3266,1,0.0209,1,0.0065,1,0,0.1230,0.0115,0.09349593495935
24/08/2022,CE22009,58.8168,-49.4430,21/05/2022,6,CE22009_011_13,0,11,13,127,0.50,,1,0.0750,1,0.0474,1,,1,,1,0.0260,1,0.0046,1,0.1596,1,,1,0.0159,1,,1,,1,0.0154,1,0.0157,1,,1,,1,,1,,1,,1,,1,,1,,1,0.0250,1,,1,0.4212,1,0.4212,1,0.0198,1,0.0074,1,0,0.1596,0.0200,0.12531328320802
24/08/2022,CE22009,58.8168,-49.4430,21/05/2022,6,CE22009_011_14,0,11,14,102,0.50,,1,0.1562,1,0.1106,1,,1,,1,0.0402,1,0.0088,1,0.3213,1,,1,0.0310,1,,1,,1,0.0283,1,0.0313,1,,1,,1,,1,0.0175,1,,1,,1,,1,,1,0.0552,1,,1,0.8695,1,0.8695,1,0.0390,1,0.0141,1,0,0.3213,0.0371,0.115468409586057
24/08/2022,CE22009,58.8168,-49.4431,21/05/2022,6,CE22009_011_15,0,11,15,82,0.50,,1,0.1892,1,0.1362,1,,1,,1,0.0605,1,0.0140,1,0.4726,1,,1,0.0466,1,,1,,1,0.0384,1,0.0481,1,,1,,1,,1,,1,,1,,1,,1,,1,0.0754,1,,1,1.1356,1,1.1356,1,0.0519,1,0.0186,1,0,0.4726,0.0524,0.11087600507829
24/08/2022,CE22009,58.8168,-49.4431,21/05/2022,6,CE22009_011_20,PF,11,20,51,0.50,,1,0.3572,1,0.2940,1,,1,,1,0.0477,1,0.0271,1,0.8257,1,,1,0.0859,1,,1,,1,0.0778,1,0.0722,1,,1,,1,,1,,1,,1,,1,,1,,1,0.1367,1,,1,1.9613,1,1.9613,1,0.0487,1,0.0266,1,0,0.8257,0.1049,0.127043720479593
24/08/2022,CE22009,58.8168,-49.4430,21/05/2022,6,CE22009_011_22,0,11,22,25,0.50,,1,0.1317,1,0.1503,1,,1,0.0470,1,,1,0.0335,1,0.3194,1,,1,0.0265,1,,1,,1,0.1291,1,0.0582,1,,1,0.0427,1,,1,0.0069,1,0.0235,1,,1,,1,,1,0.0586,1,,1,0.9926,1,0.9926,1,,1,0.0212,1,0,0.3194,0.1626,0.509079524107702
24/08/2022,CE22009,58.8168,-49.4430,21/05/2022,6,CE22009_011_23,PF,11,23,5,0.50,,1,0.0940,1,0.1430,1,,1,0.0573,1,,1,0.0391,1,0.1727,1,,1,0.0187,1,,1,,1,0.1702,1,0.0922,1,,1,0.0767,1,,1,0.0123,1,0.0224,1,,1,,1,,1,0.0497,1,,1,0.9603,1,0.9603,1,,1,0.0233,1,0,0.1727,0.2093,1.21192819918935
01/08/2022,CE22009,58.6500,-49.3599,22/05/2022,9,CE22009_014_11,0,14,11,202,0.50,,1,0.0274,1,0.0167,1,,1,,1,0.0301,1,,1,0.0513,1,,1,0.0055,2,,1,,1,0.0057,1,0.0056,1,,1,,1,,1,,1,,1,,1,,1,,1,0.0091,1,,1,0.1587,1,0.1587,1,,1,0.0031,1,0,0.0513,0.0057,0.111111111111111
01/08/2022,CE22009,58.6500,-49.3599,22/05/2022,9,CE22009_014_13,0,14,13,182,0.50,,1,0.0504,1,0.0350,1,,1,,1,0.0723,1,0.0040,1,0.0913,1,,1,0.0096,1,,1,,1,0.0105,1,0.0102,1,,1,,1,,1,,1,,1,,1,,1,,1,0.0178,1,,1,0.2891,1,0.2891,1,0.0121,1,0.0054,1,0,0.0913,0.0145,0.15881708652793
01/08/2022,CE22009,58.6501,-49.3600,22/05/2022,9,CE22009_014_14,0,14,14,152,0.50,,1,0.1502,1,0.0965,1,,1,,1,0.0610,1,0.0084,1,0.2731,1,,1,0.0250,1,,1,,1,0.0242,1,0.0258,1,,1,,1,,1,,1,,1,,1,,1,,1,0.0515,1,,1,0.8165,1,0.8165,1,0.0245,1,0.0120,1,0,0.2731,0.0326,0.119370194068107
01/08/2022,CE22009,58.6501,-49.3600,22/05/2022,9,CE22009_014_15,0,14,15,122,0.50,,1,0.2144,1,0.1406,1,,1,,1,0.0615,1,0.0098,1,0.3861,1,,1,0.0372,1,,1,,1,0.0319,1,0.0367,1,,1,,1,,1,,1,,1,,1,,1,,1,0.0761,1,,1,1.1806,1,1.1806,1,0.0495,1,0.0181,1,0,0.3861,0.0417,0.108003108003108
01/08/2022,CE22009,58.6500,-49.3600,22/05/2022,9,CE22009_014_16,0,14,16,103,0.50,,1,0.2874,1,0.1901,1,,1,,1,0.0385,1,0.0136,1,0.5433,1,,1,0.0511,1,,1,,1,0.0390,1,0.0494,1,,1,,1,,1,,1,,1,,1,,1,,1,0.1012,1,,1,1.5507,1,1.5507,1,0.0600,1,0.0219,1,0,0.5433,0.0526,0.096815755567826
01/08/2022,CE22009,58.6500,-49.3600,22/05/2022,9,CE22009_014_18,0,14,18,82,0.50,,1,0.4200,1,0.3249,1,,1,,1,0.0538,1,0.0222,1,0.7641,1,,1,0.0746,1,,1,,1,0.0694,1,0.0690,1,,1,,1,,1,,1,,1,,1,,1,,1,0.1447,1,,1,2.1922,1,2.1922,1,0.0655,1,0.0301,1,0,0.7641,0.0916,0.119879596911399
01/08/2022,CE22009,58.6501,-49.3599,22/05/2022,9,CE22009_014_19,0,14,19,62,0.50,,1,0.3949,1,0.3195,1,,1,,1,0.0459,1,0.0279,1,0.7521,1,,1,0.0740,1,,1,,1,0.0823,1,0.0648,1,,1,,1,,1,,1,0.0072,1,,1,,1,,1,0.1421,1,,1,2.0709,1,2.0709,1,0.0495,1,0.0288,1,0,0.7521,0.1102,0.146523068740859
01/08/2022,CE22009,58.6500,-49.3600,22/05/2022,9,CE22009_014_21,0,14,21,43,0.50,,1,0.4344,1,0.2970,1,,1,,1,0.0464,1,0.0430,1,0.7264,1,,1,0.0858,1,,1,,1,0.1903,1,0.0570,1,,1,,1,,1,,1,0.0162,1,,1,,1,,1,0.1516,1,,1,2.0612,1,2.0612,1,0.0427,1,0.0260,1,0,0.7264,0.2333,0.321172907488987
01/08/2022,CE22009,58.6500,-49.3600,22/05/2022,9,CE22009_014_22,0,14,22,20,0.50,,1,0.1810,1,0.1627,1,,1,0.0244,1,,1,0.0287,1,0.3537,1,,1,0.0292,1,,1,,1,0.1091,1,0.0414,1,,1,0.0119,1,,1,,1,0.0172,1,,1,,1,,1,0.0630,1,,1,1.0694,1,1.0694,1,0.0177,1,0.0149,1,0,0.3537,0.1378,0.389595702572802
01/08/2022,CE22009,58.6501,-49.3599,22/05/2022,9,CE22009_014_24,0,14,24,5,0.50,,1,0.1825,1,0.1664,1,,1,0.0362,1,,1,0.0275,1,0.3300,1,,1,0.0289,1,,1,,1,0.1001,1,0.0440,1,,1,0.0139,1,,1,0.0048,1,0.0151,1,,1,,1,,1,0.0645,1,,1,1.0687,1,1.0687,1,0.0219,1,0.0143,1,0,0.3300,0.1276,0.386666666666667
22/08/2022,CE22009,58.6500,-49.6099,23/05/2022,8,CE22009_017_11,PF,17,11,152,1.00,,1,0.0559,1,0.0366,1,,1,,1,0.0425,1,0.0043,1,0.1180,1,,1,0.0117,1,,1,,1,0.0106,1,0.0116,1,,1,,1,,1,,1,,1,,1,,1,,1,0.0201,1,,1,0.3262,1,0.3262,1,0.0205,1,0.0051,1,0,0.1180,0.0149,0.126271186440678
22/08/2022,CE22009,58.6501,-49.6099,23/05/2022,8,CE22009_017_20,PF,17,20,56,1.00,,1,0.3459,1,0.2313,1,,1,,1,0.1233,1,0.0267,1,0.7372,1,,1,0.0837,1,,1,,1,0.0936,1,0.0610,1,,1,,1,,1,0.0042,1,0.0066,1,,1,,1,,1,0.1327,1,,1,1.7334,1,1.7334,1,0.0867,1,0.0256,1,0,0.7372,0.1203,0.163185024416712
22/08/2022,CE22009,58.6501,-49.6099,23/05/2022,8,CE22009_017_23,PF,17,23,5,1.00,,1,0.1288,1,0.1213,1,,1,0.0363,1,,1,0.0302,1,0.2255,1,,1,0.0241,1,,1,,1,0.1050,1,0.0639,1,,1,0.0266,1,,1,0.0092,1,0.0177,1,,1,,1,0.0092,1,0.0472,1,,1,0.8575,1,0.8575,1,,1,0.0154,1,0,0.2255,0.1352,0.599556541019956
22/08/2022,CE22009,58.6498,-49.1095,24/05/2022,11,CE22009_021_10,0,21,10,181,0.50,,1,0.0312,1,0.0183,1,,1,,1,0.0199,1,0.0046,1,0.0567,1,,1,0.0076,2,,1,,1,0.0134,1,0.0065,1,,1,,1,,1,,1,,1,,1,,1,,1,0.0119,1,,1,0.1621,1,0.1621,1,,1,0.0034,1,0,0.0567,0.0180,0.317460317460317
22/08/2022,CE22009,58.6498,-49.1093,24/05/2022,11,CE22009_021_11,0,21,11,152,0.50,,1,0.0778,1,0.0453,1,,1,,1,,1,0.0074,1,0.1257,1,,1,0.0184,1,,1,,1,0.0324,1,0.0130,1,,1,,1,,1,,1,,1,,1,,1,,1,0.0253,1,,1,0.3725,1,0.3725,1,0.0152,1,0.0061,1,0,0.1257,0.0398,0.316626889419252
22/08/2022,CE22009,58.6498,-49.1093,24/05/2022,11,CE22009_021_12,0,21,12,122,0.50,,1,0.1599,1,0.0936,1,,1,,1,,1,0.0128,1,0.2465,1,,1,0.0329,1,,1,,1,0.0547,1,0.0253,1,,1,,1,,1,,1,,1,,1,,1,,1,0.0481,1,,1,0.7535,1,0.7535,1,0.0270,1,0.0123,1,0,0.2465,0.0675,0.273833671399594
22/08/2022,CE22009,58.6499,-49.1093,24/05/2022,11,CE22009_021_13,0,21,13,76,0.50,,1,0.4976,1,0.2945,1,,1,,1,0.0684,1,0.0336,1,0.7415,1,,1,0.1094,1,,1,,1,0.1775,1,0.0711,1,,1,,1,,1,,1,,1,,1,,1,,1,0.1484,1,,1,2.2168,1,2.2168,1,0.0567,1,0.0324,1,0,0.7415,0.2111,0.284693189480782
22/08/2022,CE22009,58.6499,-49.1094,24/05/2022,11,CE22009_021_14,0,21,14,56,0.50,,1,0.7805,1,0.4734,1,,1,,1,0.1087,1,0.0548,1,1.0724,1,,1,0.1628,1,,1,,1,0.3002,1,0.1009,1,,1,,1,,1,,1,,1,,1,,1,0.0283,1,0.2365,1,,1,3.3589,1,3.3589,1,0.0607,1,0.1158,1,0,1.0724,0.3550,0.331033196568445
22/08/2022,CE22009,58.6498,-49.1091,24/05/2022,11,CE22009_021_21,0,21,21,42,0.50,,1,0.1934,1,0.1861,1,,1,0.0600,1,0.0462,1,0.0565,1,0.3236,1,,1,0.0433,1,,1,,1,0.2436,1,0.0693,1,,1,0.0275,1,,1,0.0065,1,0.0208,1,,1,,1,0.0259,1,0.0709,1,,1,1.2535,1,1.2535,1,0.0159,1,0.1046,1,0,0.3236,0.3001,0.927379480840544
22/08/2022,CE22009,58.6499,-49.1093,24/05/2022,11,CE22009_021_22,0,21,22,27,0.50,,1,0.1786,1,0.1639,1,,1,0.0564,1,,1,0.0494,1,0.2972,1,,1,0.0389,1,,1,,1,0.2112,1,0.0624,1,,1,0.0276,1,,1,0.0056,1,0.0201,1,,1,,1,0.0237,1,0.0650,1,,1,1.1544,1,1.1544,1,,1,0.0202,1,0,0.2972,0.2606,0.876850605652759
22/08/2022,CE22009,58.6499,-49.1093,24/05/2022,11,CE22009_021_23,0,21,23,17,0.50,,1,0.1895,1,0.1761,1,,1,0.0591,1,,1,0.0525,1,0.2851,1,,1,0.0381,1,,1,,1,0.2478,1,0.0666,1,,1,0.0292,1,,1,0.0068,1,0.0188,1,,1,,1,0.0250,1,0.0724,1,,1,1.2015,1,1.2015,1,,1,0.0195,1,0,0.2851,0.3003,1.05331462644686
22/08/2022,CE22009,58.6499,-49.1092,24/05/2022,11,CE22009_021_24,0,21,24,7,0.50,,1,0.1898,1,0.1806,1,,1,0.0638,1,,1,0.0516,1,0.3064,1,,1,0.0416,1,,1,0.0025,1,0.2236,1,0.0665,1,,1,0.0309,1,,1,0.0069,1,0.0199,1,,1,,1,0.0244,1,0.0703,1,,1,1.1969,1,1.1969,1,,1,0.0202,1,0,0.3064,0.2752,0.898172323759791
24/08/2022,CE22009,58.4833,-49.1097,25/05/2022,12,CE22009_025_11,PF,25,11,183,1.00,,1,0.0343,1,0.0220,1,,1,,1,0.0281,1,0.0024,1,0.0620,1,,1,0.0060,1,,1,,1,0.0063,1,0.0063,1,,1,,1,,1,,1,,1,,1,,1,,1,0.0113,1,,1,0.1952,1,0.1952,1,0.0117,1,0.0032,1,0,0.0620,0.0087,0.140322580645161
24/08/2022,CE22009,58.4833,-49.1098,25/05/2022,12,CE22009_025_20,PF,25,20,71,1.00,,1,0.4675,1,0.3136,1,,1,,1,0.1147,1,0.0402,1,0.7477,1,,1,0.1136,1,,1,,1,0.1935,1,0.0660,1,,1,,1,,1,,1,0.0075,1,,1,,1,,1,0.1522,1,,1,1.8721,1,1.8721,1,0.0858,1,0.0266,1,0,0.7477,0.2337,0.312558512772502
24/08/2022,CE22009,58.4833,-49.1099,25/05/2022,12,CE22009_025_23,PF,25,23,5,1.00,,1,0.1931,1,0.1826,1,0.0128,1,0.0597,1,0.0227,1,0.0497,1,0.2826,1,,1,0.0414,1,,1,,1,0.2041,1,0.0582,1,,1,0.0307,1,,1,0.0058,1,0.0183,1,,1,,1,0.0116,1,0.0708,1,,1,1.1026,1,1.1153,1,0.0233,1,0.0178,1,0,0.2826,0.2538,0.898089171974522
01/08/2022,CE22009,57.7242,-50.0659,27/05/2022,28,CE22009_031_06,0,31,6,204,1.00,,1,0.0197,1,0.0131,1,,1,,1,0.0183,1,0.0023,1,0.0458,1,,1,0.0049,2,,1,,1,0.0057,1,0.0044,1,,1,,1,,1,,1,,1,,1,,1,,1,0.0076,1,,1,0.1238,1,0.1238,1,0.0169,1,0.0027,1,0,0.0458,0.0080,0.174672489082969
01/08/2022,CE22009,57.7242,-50.0660,27/05/2022,28,CE22009_031_14,0,31,14,108,1.00,,1,0.0836,1,0.0620,1,,1,,1,0.0303,1,0.0092,1,0.2100,1,,1,0.0266,1,,1,,1,0.0295,1,0.0204,1,,1,,1,,1,,1,,1,,1,,1,,1,0.0322,1,,1,0.4124,1,0.4124,1,0.0813,1,0.0101,1,0,0.2100,0.0387,0.184285714285714
01/08/2022,CE22009,57.7242,-50.0659,27/05/2022,28,CE22009_031_15,0,31,15,82,1.00,,1,0.1214,1,0.0862,1,,1,,1,0.0450,1,0.0185,1,0.2787,1,,1,0.0386,1,,1,,1,0.0859,1,0.0321,1,,1,,1,,1,,1,,1,,1,,1,,1,0.0513,1,,1,0.6864,1,0.6864,1,0.0936,1,0.0145,1,0,0.2787,0.1044,0.3745963401507
01/08/2022,CE22009,57.7243,-50.0659,27/05/2022,28,CE22009_031_16,0,31,16,56,1.00,,1,0.2010,1,0.1681,1,,1,,1,0.1325,1,0.0366,1,0.3301,1,,1,0.0619,1,,1,,1,0.1818,1,0.0450,1,,1,0.0045,1,,1,0.0039,1,0.0150,1,,1,,1,0.0222,1,0.0769,1,,1,1.2487,1,1.2487,1,0.0799,1,0.0194,1,0,0.3301,0.2184,0.661617691608604
04/08/2022,CE22009,57.7243,-50.0659,27/05/2022,28,CE22009_031_19,0,31,19,22,1.00,,1,0.1719,1,0.1639,1,,1,0.0816,1,0.0336,1,0.0430,1,0.2431,1,0.0046,1,0.0387,1,,1,0.0031,1,0.1602,1,0.0540,1,,1,0.0146,1,,1,0.0052,1,0.0143,1,,1,,1,0.0351,1,0.0642,1,,1,1.1372,1,1.1372,1,0.0234,1,0.0168,1,0,0.2431,0.2032,0.8358700123406
04/08/2022,CE22009,57.7242,-50.0659,27/05/2022,28,CE22009_031_20,0,31,20,6,1.00,,1,0.1666,1,0.1712,1,,1,0.0863,1,,1,0.0417,1,0.2302,1,0.0035,1,0.0338,1,,1,0.0020,1,0.1508,1,0.0568,1,,1,0.0163,1,,1,0.0055,1,0.0140,1,,1,,1,0.0390,1,0.0530,1,,1,1.1340,1,1.1340,1,0.0185,1,0.0159,1,0,0.2302,0.1925,0.836229365768897
04/08/2022,CE22009,56.6515,-52.4702,28/05/2022,24,CE22009_033_11,PF,33,11,113,0.50,,1,0.0361,1,0.0226,1,,1,,1,,1,0.0142,1,0.0527,1,,1,0.0100,1,,1,,1,0.0451,1,0.0074,1,,1,,1,,1,,1,,1,,1,,1,0.0148,1,0.0116,1,,1,0.1884,1,0.1884,1,,1,0.0039,1,0,0.0527,0.0593,1.12523719165085
04/08/2022,CE22009,56.6515,-52.4703,28/05/2022,24,CE22009_033_18,PF,33,18,40,0.50,,1,0.1588,1,0.1541,1,,1,0.0333,1,,1,0.0408,1,0.2463,1,,1,0.0318,1,,1,0.0022,1,0.1370,1,0.0464,1,,1,0.0187,1,,1,0.0063,1,0.0184,1,,1,,1,0.0279,1,0.0565,1,,1,1.0840,1,1.0840,1,,1,0.0170,1,0,0.2463,0.1778,0.721883881445392
04/08/2022,CE22009,56.6515,-52.4703,28/05/2022,24,CE22009_033_22,PF,33,22,4,0.50,,1,0.1293,1,0.1255,1,,1,0.0229,1,,1,0.0339,1,0.2101,1,,1,0.0242,1,,1,,1,0.1131,1,0.0411,1,,1,0.0155,1,,1,0.0062,1,0.0177,1,,1,,1,0.0200,1,0.0475,1,,1,0.8855,1,0.8855,1,0.0142,1,0.0140,1,0,0.2101,0.1470,0.699666825321276
24/08/2022,CE22009,56.8200,-52.2202,29/05/2022,29,CE22009_035_13,0,35,13,202,1.00,,1,0.0096,1,0.0059,1,,1,,1,0.0105,1,0.0030,1,0.0211,1,,1,0.0022,2,,1,,1,0.0061,1,0.0024,1,,1,,1,,1,,1,,1,,1,,1,,1,0.0030,1,,1,0.0603,1,0.0603,1,0.0067,1,0.0019,1,0,0.0211,0.0091,0.431279620853081
24/08/2022,CE22009,56.8201,-52.2202,29/05/2022,29,CE22009_035_14,0,35,14,152,1.00,,1,0.0226,1,0.0150,1,,1,,1,,1,,1,0.0468,1,,1,0.0053,2,,1,,1,0.0109,1,0.0049,1,,1,,1,,1,,1,0.0018,1,,1,,1,0.0033,1,0.0074,1,,1,0.1294,1,0.1294,1,0.0220,1,0.0030,1,0,0.0468,0.0109,0.232905982905983
24/08/2022,CE22009,56.8201,-52.2202,29/05/2022,29,CE22009_035_15,0,35,15,111,1.00,,1,0.0391,1,0.0254,1,,1,,1,0.0118,1,0.0082,1,0.0796,1,,1,0.0109,2,,1,,1,0.0266,1,0.0083,1,,1,,1,,1,,1,0.0021,1,,1,,1,0.0079,1,0.0126,1,,1,0.2172,1,0.2172,1,0.0226,1,0.0048,1,0,0.0796,0.0348,0.437185929648241
24/08/2022,CE22009,56.8201,-52.2202,29/05/2022,29,CE22009_035_16,0,35,16,100,1.00,,1,0.0378,1,0.0237,1,,1,,1,0.0248,1,0.0089,1,0.0703,1,,1,0.0110,2,,1,,1,0.0331,1,0.0082,1,,1,,1,,1,,1,0.0023,1,,1,,1,0.0089,1,0.0124,1,,1,0.2012,1,0.2012,1,0.0160,1,0.0044,1,0,0.0703,0.0420,0.597439544807966
24/08/2022,CE22009,56.8201,-52.2202,29/05/2022,29,CE22009_035_17,0,35,17,85,1.00,,1,0.1228,1,0.0777,1,,1,,1,0.0268,1,0.0213,1,0.2106,1,,1,0.0379,1,,1,,1,0.0877,1,0.0213,1,,1,,1,,1,,1,0.0030,1,,1,,1,0.0141,1,0.0433,1,,1,0.6064,1,0.6064,1,0.0334,1,0.0107,1,0,0.2106,0.1090,0.517568850902184
24/08/2022,CE22009,56.8200,-52.2202,29/05/2022,29,CE22009_035_18,0,35,18,71,1.00,,1,0.1840,1,0.1374,1,,1,,1,0.0764,1,0.0305,1,0.3084,1,,1,0.0587,1,,1,,1,0.1173,1,0.0330,1,,1,,1,,1,,1,0.0083,1,,1,,1,0.0102,1,0.0670,1,,1,0.8698,1,0.8698,1,0.0656,1,0.0164,1,0,0.3084,0.1478,0.479247730220493
24/08/2022,CE22009,56.8199,-52.2202,29/05/2022,29,CE22009_035_20,0,35,20,41,1.00,,1,0.0749,1,0.1203,1,,1,0.0632,1,,1,0.0337,1,0.1718,1,,1,0.0175,1,,1,0.0025,1,0.1105,1,0.0453,1,,1,0.0420,1,,1,0.0083,1,0.0204,1,,1,,1,0.0221,1,0.0300,1,,1,0.7886,1,0.7886,1,,1,0.0172,1,0,0.1718,0.1442,0.839348079161816
24/08/2022,CE22009,56.8199,-52.2202,29/05/2022,29,CE22009_035_22,0,35,22,24,1.00,,1,0.0774,1,0.1365,1,0.0185,1,0.0806,1,,1,0.0333,1,0.1617,1,,1,0.0172,1,,1,0.0023,1,0.1103,1,0.0470,1,,1,0.0520,1,,1,0.0088,1,0.0186,1,,1,,1,0.0212,1,0.0308,1,,1,0.8236,1,0.8421,1,0.0103,1,0.0186,1,0,0.1617,0.1436,0.888064316635745
24/08/2022,CE22009,56.8200,-52.2202,29/05/2022,29,CE22009_035_23,0,35,23,5,1.00,,1,0.0782,1,0.1285,1,0.0214,1,0.0656,1,,1,0.0344,1,0.1477,1,,1,0.0177,1,,1,0.0028,1,0.1168,1,0.0637,1,,1,0.0564,1,,1,0.0117,1,0.0199,1,,1,,1,0.0235,1,0.0282,1,,1,0.8165,1,0.8379,1,0.0073,1,0.0181,1,0,0.1477,0.1512,1.02369668246445
04/08/2022,CE22009,58.4834,-49.6102,30/05/2022,14,CE22009_038_11,PF,38,11,104,1.00,,1,0.0564,1,0.0279,1,,1,,1,0.0777,1,0.0139,1,0.1551,1,,1,0.0148,1,,1,,1,0.0092,1,0.0152,1,,1,,1,,1,,1,,1,,1,,1,,1,0.0265,1,,1,0.2291,1,0.2291,1,0.0955,1,0.0103,1,0,0.1551,0.0231,0.148936170212766
04/08/2022,CE22009,58.4834,-49.6102,30/05/2022,14,CE22009_038_20,PF,38,20,36,1.00,,1,0.1105,1,0.1366,1,,1,0.0618,1,0.0223,1,0.0382,1,0.3111,1,,1,0.0385,1,,1,0.0038,1,0.1144,1,0.0506,1,,1,0.0509,1,,1,0.0072,1,0.0155,1,,1,,1,0.0195,1,0.0593,1,,1,0.9740,1,0.9740,1,0.0321,1,0.0206,1,0,0.3111,0.1526,0.490517518482803
04/08/2022,CE22009,58.4834,-49.6104,30/05/2022,14,CE22009_038_23,PF,38,23,6,1.00,,1,0.1167,1,0.1386,1,0.0171,1,0.0489,1,,1,0.0346,1,0.2885,1,,1,0.0378,1,,1,0.0049,1,0.1197,1,0.0751,1,,1,0.0588,1,,1,0.0082,1,0.0155,1,,1,,1,0.0215,1,0.0175,1,,1,0.9754,1,0.9925,1,0.0181,1,0.0209,1,0,0.2885,0.1543,0.534835355285962
04/08/2022,CE22009,58.4833,-49.3603,31/05/2022,13,CE22009_043_09,0,43,9,203,2.25,,1,0.0035,1,0.0026,1,,1,,1,0.0104,1,0.0015,1,0.0138,1,,1,,1,,1,,1,,1,0.0016,1,,1,,1,,1,,1,,1,,1,,1,,1,,1,,1,0.0255,1,0.0255,1,0.0125,1,0.0014,1,0,0.0138,0.0015,0.108695652173913
04/08/2022,CE22009,58.4833,-49.3604,31/05/2022,13,CE22009_043_10,0,43,10,153,2.25,,1,0.0091,1,0.0072,1,,1,,1,0.0274,1,0.0018,1,0.0336,1,0.0017,1,0.0036,1,,1,,1,0.0040,1,0.0040,1,,1,,1,,1,,1,0.0014,1,,1,,1,,1,0.0042,1,,1,0.0660,1,0.0660,1,0.0323,1,0.0030,1,0,0.0336,0.0058,0.172619047619048
04/08/2022,CE22009,58.4833,-49.3605,31/05/2022,13,CE22009_043_11,0,43,11,142,2.25,,1,0.0167,1,0.0121,1,,1,,1,0.0328,1,0.0030,1,0.0533,1,0.0037,1,0.0070,1,,1,,1,0.0091,1,0.0065,1,,1,,1,,1,,1,0.0023,1,,1,,1,,1,0.0074,1,,1,0.1029,1,0.1029,1,0.0525,1,0.0045,1,0,0.0533,0.0121,0.227016885553471
04/08/2022,CE22009,58.4833,-49.3604,31/05/2022,13,CE22009_043_12,0,43,12,127,2.25,,1,0.0221,1,0.0189,1,,1,,1,0.0888,1,0.0055,1,0.0761,1,0.0058,1,0.0109,1,,1,,1,0.0215,1,0.0097,1,,1,,1,,1,,1,0.0044,1,,1,,1,,1,0.0119,1,,1,0.1534,1,0.1534,1,0.0901,1,0.0079,1,0,0.0761,0.0270,0.354796320630749
04/08/2022,CE22009,58.4833,-49.3604,31/05/2022,13,CE22009_043_13,0,43,13,111,2.25,,1,0.0216,1,0.0195,1,,1,,1,0.1152,1,0.0065,1,0.0849,1,0.0054,1,0.0108,1,,1,,1,0.0282,1,0.0105,1,,1,,1,,1,,1,0.0052,1,,1,,1,,1,0.0122,1,,1,0.1575,1,0.1575,1,0.1090,1,0.0091,1,0,0.0849,0.0347,0.408716136631331
04/08/2022,CE22009,58.4833,-49.3604,31/05/2022,13,CE22009_043_14,0,43,14,102,2.25,,1,0.0169,1,0.0165,1,,1,,1,0.1100,1,0.0070,1,0.0691,1,0.0048,1,0.0093,2,,1,,1,0.0233,1,0.0110,1,,1,,1,,1,,1,0.0064,1,,1,,1,0.0045,1,0.0099,1,,1,0.1286,1,0.1286,1,0.0962,1,0.0091,1,0,0.0691,0.0303,0.43849493487699
04/08/2022,CE22009,58.4833,-49.3604,31/05/2022,13,CE22009_043_21,0,43,21,88,2.25,,1,0.0197,1,0.0225,1,,1,,1,0.1121,1,0.0088,1,0.0735,1,0.0024,1,0.0080,2,,1,0.0024,1,0.0200,1,0.0097,1,,1,0.0056,1,,1,0.0026,1,0.0120,1,,1,,1,0.0066,1,0.0037,1,,1,0.1622,1,0.1622,1,0.0637,1,0.0079,1,0,0.0735,0.0288,0.391836734693878
04/08/2022,CE22009,58.4833,-49.3604,31/05/2022,13,CE22009_043_22,0,43,22,77,2.25,,1,0.0214,1,0.0277,1,,1,,1,0.0934,1,0.0094,1,0.0864,1,0.0019,1,0.0081,2,,1,0.0025,1,0.0206,1,0.0108,1,,1,0.0104,1,,1,0.0028,1,0.0134,1,,1,,1,0.0069,1,0.0037,1,,1,0.1978,1,0.1978,1,0.0459,1,0.0085,1,0,0.0864,0.0300,0.347222222222222
04/08/2022,CE22009,58.4833,-49.3604,31/05/2022,13,CE22009_043_23,0,43,23,30,2.25,,1,0.0334,1,0.0934,1,0.0116,1,0.0952,1,0.0411,1,0.0196,1,0.1348,1,0.0033,1,0.0120,2,,1,0.0032,1,0.0360,1,0.0274,1,,1,0.0521,1,,1,0.0041,1,0.0149,1,,1,,1,0.0158,1,0.0112,1,,1,0.5757,1,0.5874,1,0.0134,1,0.0173,1,0,0.1348,0.0556,0.412462908011869
04/08/2022,CE22009,58.4833,-49.3604,31/05/2022,13,CE22009_043_24,0,43,24,6,2.25,,1,0.0395,1,0.1030,1,0.0168,1,0.0863,1,0.0106,1,0.0224,1,0.1262,1,0.0019,1,0.0101,2,,1,0.0027,1,0.0491,1,0.0598,1,,1,0.0830,1,,1,0.0086,1,0.0137,1,,1,,1,0.0156,1,0.0114,1,,1,0.6521,1,0.6689,1,,1,0.0209,1,0,0.1262,0.0715,0.566561014263074
22/08/2022,CE22009,59.5070,-49.6740,01/06/2022,30,CE22009_045_03,PF,45,3,92,0.50,,1,0.0208,1,0.0129,1,,1,,1,0.0870,1,,1,0.0623,1,,1,0.0095,1,,1,,1,,1,0.0063,1,,1,,1,,1,,1,0.0047,1,,1,,1,,1,0.0103,1,,1,0.1035,1,0.1035,1,0.0688,1,0.0067,1,0,0.0623,0.0000,0
22/08/2022,CE22009,59.5070,-49.6740,01/06/2022,30,CE22009_045_17,PF,45,17,26,0.50,,1,0.3863,1,0.2655,1,,1,,1,0.1852,1,0.0117,1,0.8943,1,,1,0.0729,1,,1,,1,0.0295,1,0.0715,1,,1,0.0133,1,,1,0.0076,1,0.0265,1,,1,,1,,1,0.1324,1,,1,1.9217,1,1.9217,1,0.0562,1,0.0331,1,0,0.8943,0.0412,0.046069551604607
22/08/2022,CE22009,59.5070,-49.6739,01/06/2022,30,CE22009_045_22,PF,45,22,5,0.50,,1,0.2114,1,0.1704,1,,1,,1,0.0495,1,0.0098,1,0.5153,1,,1,0.0362,1,,1,,1,0.0364,1,0.0718,1,,1,0.0194,1,,1,0.0084,1,0.0181,1,,1,,1,,1,0.0779,1,,1,1.3296,1,1.3296,1,0.0212,1,0.0193,1,0,0.5153,0.0462,0.089656510770425
04/08/2022,CE22009,58.8174,-49.6106,02/06/2022,7,CE22009_051_09,0,51,9,203,2.25,,1,0.0033,1,0.0019,1,,1,,1,0.0088,1,0.0013,1,0.0092,1,,1,,1,,1,,1,,1,0.0010,1,,1,,1,,1,,1,,1,,1,,1,,1,0.0013,1,,1,0.0185,1,0.0185,1,0.0064,1,0.0009,1,0,0.0092,0.0013,0.141304347826087
04/08/2022,CE22009,58.8174,-49.6107,02/06/2022,7,CE22009_051_10,0,51,10,152,2.25,,1,0.0114,1,0.0058,1,,1,,1,0.0158,1,0.0043,1,0.0283,1,,1,,1,,1,,1,,1,0.0032,1,,1,,1,,1,,1,0.0015,1,,1,,1,,1,0.0049,1,,1,0.0496,1,0.0496,1,0.0260,1,0.0029,1,0,0.0283,0.0043,0.151943462897527
04/08/2022,CE22009,58.8174,-49.6106,02/06/2022,7,CE22009_051_12,0,51,12,82,2.25,,1,0.0079,1,0.0083,1,,1,,1,0.0780,1,0.0026,1,0.0322,1,,1,,1,,1,,1,,1,0.0045,1,,1,,1,,1,,1,0.0054,1,,1,,1,0.0036,1,0.0031,1,,1,0.0575,1,0.0575,1,0.0662,1,0.0042,1,0,0.0322,0.0026,0.080745341614907
04/08/2022,CE22009,58.8174,-49.6105,02/06/2022,7,CE22009_051_13,0,51,13,72,2.25,,1,0.0190,1,0.0218,1,,1,,1,0.0419,1,0.0067,1,0.0742,1,0.0018,1,0.0047,2,,1,0.0019,1,0.0096,1,0.0064,1,,1,0.0054,1,,1,,1,0.0136,1,,1,,1,0.0086,1,0.0034,1,,1,0.1599,1,0.1599,1,0.0154,1,0.0045,1,0,0.0742,0.0163,0.219676549865229
04/08/2022,CE22009,58.8174,-49.6106,02/06/2022,7,CE22009_051_14,0,51,14,62,2.25,,1,0.0240,1,0.0316,1,0.0085,1,0.0056,1,0.0095,1,0.0074,1,0.0934,1,0.0016,1,0.0052,2,,1,0.0013,1,0.0117,1,0.0077,1,,1,0.0109,1,,1,,1,0.0129,1,,1,,1,0.0109,1,0.0046,1,,1,0.2180,1,0.2265,1,0.0098,1,0.0067,1,0,0.0934,0.0191,0.204496788008565
04/08/2022,CE22009,58.8174,-49.6105,02/06/2022,7,CE22009_051_16,0,51,16,52,2.25,,1,0.0540,1,0.0992,1,0.0150,1,0.0834,1,0.0125,1,0.0239,1,0.1606,1,0.0030,1,0.0142,1,,1,0.0026,1,0.0676,1,0.0244,1,,1,0.0507,1,,1,,1,0.0128,1,,1,,1,0.0148,1,0.0118,1,,1,0.6057,1,0.6207,1,0.0097,1,0.0176,1,0,0.1606,0.0915,0.569738480697385
04/08/2022,CE22009,58.8173,-49.6105,02/06/2022,7,CE22009_051_19,0,51,19,41,2.25,,1,0.0436,1,0.1088,1,0.0321,1,0.1250,1,0.0118,1,0.0197,1,0.1311,1,0.0018,1,0.0096,2,,1,0.0022,1,0.0386,1,0.0269,1,,1,0.0596,1,,1,,1,0.0114,1,,1,,1,0.0148,1,0.0135,1,,1,0.6042,1,0.6363,1,0.0088,1,0.0190,1,0,0.1311,0.0583,0.444698703279939
04/08/2022,CE22009,58.8173,-49.6106,02/06/2022,7,CE22009_051_21,0,51,21,29,2.25,,1,0.0479,1,0.1440,1,0.0223,1,0.1380,1,0.0085,1,0.0252,1,0.1280,1,0.0039,1,0.0150,2,,1,0.0064,1,0.0639,1,0.0571,1,,1,0.1158,1,,1,,1,0.0122,1,,1,,1,0.0298,1,0.0148,1,,1,0.8885,1,0.9108,1,0.0094,1,0.0310,1,0,0.1280,0.0891,0.69609375
04/08/2022,CE22009,58.8173,-49.6105,02/06/2022,7,CE22009_051_22,0,51,22,16,2.25,,1,0.0417,1,0.1254,1,0.0294,1,0.1294,1,0.0092,1,0.0222,1,0.1150,1,0.0052,1,0.0166,2,,1,0.0067,1,0.0624,1,0.0615,1,,1,0.1051,1,,1,0.0128,1,0.0129,1,,1,,1,0.0284,1,0.0119,1,,1,0.7721,1,0.8015,1,,1,0.0268,1,0,0.1150,0.0846,0.735652173913043
,,,,,,,,,,,,,,,,,,,,,,,,,,,,,,,2,,,,,,,,,,,,,,,,,,,,,,,,,,,,,,,,,,,,,,0.0000,0.0000,#DIV/0!
