wmo	size_class	max_abundance	standard_dev	time_max_abundance	depth	r2	date	xmax	xmin	DOY
6904240	NP_Size_102	0.3813039115365966	26.75147287043661	176.52455612810638	50	0.8536749817541784	2022-06-26	190	164	177
6904240	NP_Size_102	0.19161288813054309	23.82470741582163	189.04562874990353	70	0.747645936037726	2022-07-09	201	178	190
6904240	NP_Size_128	0.30420190763602917	26.977781603584344	175.1843299777379	50	0.8653852019213156	2022-06-25	189	162	176
6904240	NP_Size_128	0.14751921268459772	20.981419635133133	188.93831416512475	70	0.7481520168034638	2022-07-08	200	179	189
6904240	NP_Size_128	0.11937536400535224	58.119285436474485	166.90823494109003	90	0.7139302691377429	2022-06-16	196	138	167
6904240	NP_Size_161	0.22353121788364552	29.48288504968001	172.92102171324666	50	0.8740126199339621	2022-06-22	188	159	173
6904240	NP_Size_161	0.1037991136445963	21.35612264072007	188.58563918008838	70	0.7053612538431527	2022-07-08	200	178	189
6904240	NP_Size_161	0.08035165989037209	61.565241460499564	165.9630120284852	90	0.6757259612180628	2022-06-15	197	136	166
6904240	NP_Size_203	0.25165855670547777	38.15741492193007	164.28163331173238	50	0.8843309666353844	2022-06-14	184	146	165
6904240	NP_Size_203	0.10465735196988302	24.409243448511027	187.99232619621236	70	0.6530425336542729	2022-07-07	201	176	188
6904240	NP_Size_203	0.07832881225880065	66.6241449104133	165.2035259585904	90	0.6565425444943579	2022-06-15	199	132	166
6904240	NP_Size_203	0.03192160449706855	104.50966927619585	164.49956583264782	170	0.3951809308121286	2022-06-14	217	113	165
6904240	NP_Size_203	0.026453931808196197	75.97583550816445	185.6893200913567	190	0.4315854806298036	2022-07-05	224	148	186
6904240	NP_Size_256	0.27991198542894724	31.174359854864246	171.97891772156663	50	0.9005847487465553	2022-06-21	188	157	172
6904240	NP_Size_256	0.13479358029199182	21.706274654694166	187.80244969927557	70	0.6621002593937011	2022-07-07	199	177	188
6904240	NP_Size_256	0.0945996771553509	62.53601114464605	168.60534897327574	90	0.6862003267719727	2022-06-18	200	138	169
6904240	NP_Size_256	0.035074902096072905	119.52968522710741	171.35220190977225	170	0.24230598127715486	2022-06-21	232	112	172
6904240	NP_Size_256	0.029912113253801012	73.05835177515716	195.50486594851327	190	0.3081730338342493	2022-07-15	233	159	196
6904240	NP_Size_323	0.38462375988351716	22.158138466373643	178.59208077786883	50	0.9446977304434572	2022-06-28	190	168	179
6904240	NP_Size_323	0.22462717195086546	15.834960812449083	187.71745499868896	70	0.8119235738895105	2022-07-07	196	180	188
6904240	NP_Size_323	0.13715410708234732	28.901954499993664	187.19570045712976	90	0.6769780390549485	2022-07-07	202	173	188
6904240	NP_Size_323	0.046583774815200346	140.3773936532274	164.2287329722551	170	0.15275013532540604	2022-06-14	235	95	165
6904240	NP_Size_323	0.039529446112934526	79.3801129956507	199.55338071750427	190	0.17480739815505686	2022-07-19	240	160	200
6904240	NP_Size_406	0.5532273867354962	18.964355364276337	180.776945047596	50	0.9706849509889072	2022-06-30	191	172	181
6904240	NP_Size_406	0.36461410040269965	13.417708217872415	187.11194728976662	70	0.8822472366912248	2022-07-07	194	181	188
6904240	NP_Size_406	0.2196860523856737	21.10826439192805	188.3339362377325	90	0.7725684406058203	2022-07-08	199	178	189
6904240	NP_Size_406	0.17484561920901284	54.052188103883324	173.259228651445	110	0.6981612904427518	2022-06-23	201	147	174
6904240	NP_Size_406	0.13112785257287607	56.82680165307711	183.14392282504954	130	0.3413588373241345	2022-07-03	212	155	184
6904240	NP_Size_406	0.08560931221747095	153.42947990204038	174.4547805242582	150	0.05451181544611905	2022-06-24	252	98	175
6904240	NP_Size_406	0.06816270123787327	110.70623667625868	210.42192256446347	170	0.03928693456272303	2022-07-30	266	156	211
6904240	NP_Size_406	0.06724626574902048	53.08760283772552	207.5890371908948	190	0.3371918711713118	2022-07-27	235	182	208
6904240	NP_Size_512	0.6654351351638289	16.160334253669888	182.88606145032384	50	0.9662461205785688	2022-07-02	191	175	183
6904240	NP_Size_512	0.5174029399838164	11.08532892494836	186.67502132909033	70	0.9204832889912296	2022-07-06	193	182	187
6904240	NP_Size_512	0.2948646693938848	17.00021527368339	188.178054792672	90	0.849993162518549	2022-07-08	197	180	189
6904240	NP_Size_512	0.21761616229373174	27.848359931806556	189.30690985715273	110	0.6979437429750184	2022-07-09	204	176	190
6904240	NP_Size_512	0.23297399032195165	22.42492169268149	194.19562629087505	130	0.5937259485464105	2022-07-14	206	183	195
6904240	NP_Size_512	0.12605550057245665	56.5649597810996	201.02169366002448	150	0.1456806535366193	2022-07-21	230	173	202
6904240	NP_Size_512	0.09797275668695013	51.2547337690185	210.30270799743224	190	0.3177366982007741	2022-07-30	236	185	211
6904240	NP_Size_645	0.6813477051390388	15.290696853175579	181.56383690606256	50	0.948138313543262	2022-07-01	190	174	182
6904240	NP_Size_645	0.5976452463795111	9.422490625572523	186.2649252785514	70	0.9415374069719089	2022-07-06	191	182	187
6904240	NP_Size_645	0.4168549960968355	11.434224599455773	187.26527273694768	90	0.9070900029654104	2022-07-07	193	182	188
6904240	NP_Size_645	0.279196855311966	18.672210288523473	193.00339812989768	110	0.8960874545579267	2022-07-13	203	184	194
6904240	NP_Size_645	0.3142516960661549	17.76833563482815	194.03977292382132	130	0.8411142103369197	2022-07-14	203	186	195
6904240	NP_Size_645	0.2627590890247523	18.21358458930318	195.5422371278949	150	0.6178563031029765	2022-07-15	205	187	196
6904240	NP_Size_645	0.19046060504243598	20.65120005315141	198.9233585993584	170	0.06674432640146855	2022-07-18	210	189	199
6904240	NP_Size_645	0.1760665706501945	20.51127285321795	199.53658562127268	190	0.46131209145242646	2022-07-19	210	190	200
6904240	NP_Size_813	0.6831390942023989	18.107661244612235	169.13313183566382	30	0.9858614166134869	2022-06-19	179	161	170
6904240	NP_Size_813	0.5763019102044948	16.10806664295831	178.45146669716544	50	0.9612002681300088	2022-06-28	187	171	179
6904240	NP_Size_813	0.5802321061721952	8.094459511107063	185.87865834913694	70	0.9584946930798861	2022-07-05	190	182	186
6904240	NP_Size_813	0.5220883550996754	7.469985962425457	186.29976633143852	90	0.9435227852473399	2022-07-06	191	183	187
6904240	NP_Size_813	0.28820655678011	13.17018343432369	188.74139757741403	110	0.7690245391807821	2022-07-08	196	183	189
6904240	NP_Size_813	0.3215826621635908	15.074680180079545	193.8519419589379	130	0.9446476053483441	2022-07-13	202	187	194
6904240	NP_Size_813	0.334746461675982	14.554306473799071	195.99096769142764	150	0.9493823464790517	2022-07-15	204	189	196
6904240	NP_Size_813	0.24421740293142366	15.6906937202788	197.31557658267246	170	0.8775214177056626	2022-07-17	206	190	198
6904240	NP_Size_813	0.24311812366204666	15.188597268146458	198.4063058048619	190	0.818068917047776	2022-07-18	207	191	199
6904240	NP_Size_1020	0.5368881674416109	12.11681185745494	174.69439231601712	30	0.9408185136630162	2022-06-24	181	169	175
6904240	NP_Size_1020	0.4747383666138799	8.892163605964596	184.83613483260345	70	0.9379540392718921	2022-07-04	190	181	185
6904240	NP_Size_1020	0.5241986929886653	6.399737146135765	186.18873255100465	90	0.9878654596056435	2022-07-06	190	183	187
6904240	NP_Size_1020	0.43723797139367193	7.3760896907662135	186.58719997099087	110	0.8685256772069045	2022-07-06	191	183	187
6904240	NP_Size_1020	0.3145725341688767	15.683374899373009	191.96638586698165	130	0.8005726620947717	2022-07-11	200	185	192
6904240	NP_Size_1020	0.39030970536893034	13.420964959067877	194.28091074904995	150	0.9634822097389161	2022-07-14	201	188	195
6904240	NP_Size_1020	0.3862138444069388	12.175304846425423	195.56047369895944	170	0.94065920376862	2022-07-15	202	190	196
6904240	NP_Size_1020	0.273702214182348	14.130318233729414	196.64987740003627	190	0.9043298496063825	2022-07-16	204	190	197
6904240	NP_Size_1290	0.35187463678234876	7.276981832692692	178.596729025753	30	0.6496876146348859	2022-06-28	183	175	179
6904240	NP_Size_1290	0.3172891243566064	14.905197640775823	182.74647483089592	70	0.8827177752007869	2022-07-02	191	176	183
6904240	NP_Size_1290	1.0180872041221753	4.258995044012108	187.20732577925105	90	0.9947042967866053	2022-07-07	190	186	188
6904240	NP_Size_1290	0.5160239341340133	6.4913568458904995	186.50450605700019	110	0.9847672521701225	2022-07-06	190	184	187
6904240	NP_Size_1290	0.3902428790684606	7.853722806135972	187.32717243579444	130	0.8442164373062737	2022-07-07	192	184	188
6904240	NP_Size_1290	0.3589964023674431	11.871944400115272	193.70628453848352	150	0.9894823732555666	2022-07-13	200	188	194
6904240	NP_Size_1290	0.31896416603335054	11.385380083224042	194.82044714714485	170	0.972095387340909	2022-07-14	201	190	195
6904240	NP_Size_1290	0.25844605937704823	14.724569384143837	194.11799403273167	190	0.9245499503290429	2022-07-14	202	187	195
6904240	NP_Size_1630	0.36781128735229934	4.078664457274526	178.70960031237215	30	0.8969783993480019	2022-06-28	181	177	179
6904240	NP_Size_1630	0.2036530290017164	7.759761937896033	179.250674150425	50	0.8102393670069107	2022-06-29	184	176	180
6904240	NP_Size_1630	0.29156227140649804	5.526215151804543	185.02767981983035	90	0.9993791846765738	2022-07-05	188	183	186
6904240	NP_Size_1630	0.48968748030103537	4.370698404617115	187.43495778149108	110	0.9877542522500637	2022-07-07	190	186	188
6904240	NP_Size_1630	0.4486241841837965	4.316958489457696	187.22861605059046	130	0.996556443657402	2022-07-07	190	186	188
6904240	NP_Size_1630	0.21096406221394057	10.758567135315777	191.65055309907964	150	0.9926173814086932	2022-07-11	198	187	192
6904240	NP_Size_1630	0.14211133151262503	14.85277529881745	192.55578294844776	170	0.9570032580815125	2022-07-12	200	186	193
6904240	NP_Size_1630	0.10618818497887365	14.452941829808909	193.96246538637007	190	0.9299091145367345	2022-07-13	202	187	194
6904240	NP_Size_2050	0.07254187832003214	5.63724942382098	176.66801518222286	30	0.9478639563534862	2022-06-26	180	174	177
6904240	NP_Size_2050	0.020324289470405883	50.088217795701844	180.6864771012182	50	0.16757559105042397	2022-06-30	206	156	181
6904240	NP_Size_2050	0.0367099321017979	9.263163320040222	183.65804798700682	70	0.8984299850011132	2022-07-03	189	180	184
6904240	NP_Size_2050	0.24659868775728708	2.4303786065549167	184.15060169813802	90	0.9972661742194457	2022-07-04	186	183	185
6904240	NP_Size_2050	0.4321019268013797	3.79147471260369	186.677080542318	110	0.9999999993637677	2022-07-06	189	185	187
6904240	NP_Size_2050	0.3160226393172169	3.8961003379112022	181.2547928001867	130	0.96745756413421935	2022-07-01	184	180	182
6904240	NP_Size_2050	0.20947071873513692	9.660929592826664	187.4883616006033	150	0.9999990612604743	2022-07-07	193	183	188
6904240	NP_Size_2050	0.12712688849185802	9.795209444804454	189.26888748189108	170	0.9810458274590467	2022-07-09	195	185	190
6904240	NP_Size_2050	0.19525332120677935	6.403776495935467	187.4230661396285	190	0.9598073503905913	2022-07-07	191	185	188
6904241	NP_Size_102	0.6688850856053025	10.819978237943733	177.5566847120747	30	0.913561993814167	2022-06-27	183	173	178
6904241	NP_Size_102	0.45038771446986486	16.472283233967342	192.90634306024336	50	0.8521781248711784	2022-07-12	202	185	193
6904241	NP_Size_102	0.2395148602342026	20.238327923134623	196.91924616456356	70	0.6735642030512812	2022-07-16	208	187	197
6904241	NP_Size_102	0.09760160651501171	52.238691130428336	206.0480671856516	90	0.244619976556117	2022-07-26	233	180	207
6904241	NP_Size_102	0.07474694810517338	76.45838068390124	213.8242570045053	110	0.13172060064303792	2022-08-02	253	176	214
6904241	NP_Size_102	0.06429559960941629	83.1019733406207	217.7594482907194	130	0.15007507458431724	2022-08-06	260	177	218
6904241	NP_Size_102	0.056580790640860336	93.67180288316473	226.65227924180522	150	0.37269268767473385	2022-08-15	274	180	227
6904241	NP_Size_128	0.6749701857293677	10.620379023578453	177.84853803849967	30	0.9183789845218917	2022-06-27	184	173	178
6904241	NP_Size_128	0.4875190700820821	14.318488189547116	192.43102441353	50	0.8684968418028798	2022-07-12	200	186	193
6904241	NP_Size_128	0.26341670923776683	16.374247261793226	195.9898355424556	70	0.7446049855588269	2022-07-15	205	188	196
6904241	NP_Size_128	0.09561282874645188	44.86694453087227	203.3993907831491	90	0.2662200187097745	2022-07-23	226	181	204
6904241	NP_Size_128	0.07028691249494641	64.08744467809257	208.35513576874598	110	0.11556461847727506	2022-07-28	241	177	209
6904241	NP_Size_128	0.05741777177492516	67.28185302725844	210.36462562752945	130	0.11842746657812708	2022-07-30	245	177	211
6904241	NP_Size_128	0.04907657779269674	75.30266534705999	217.51741750163492	150	0.2922901102776967	2022-08-06	256	180	218
6904241	NP_Size_128	0.045163579659179706	89.16230144665556	233.40613810964476	170	0.5996577630549191	2022-08-22	278	189	234
6904241	NP_Size_128	0.041077340536548955	87.35241393805023	231.72496169817916	190	0.7506020315559042	2022-08-20	276	189	232
6904241	NP_Size_161	0.6739707059227898	10.771210833422227	178.22107947904084	30	0.8665955418460959	2022-06-28	184	173	179
6904241	NP_Size_161	0.5045142109570447	14.555360407588632	192.2186097558259	50	0.8284906776726029	2022-07-12	200	185	193
6904241	NP_Size_161	0.29174621865385963	15.54284202297596	195.71398974281718	70	0.7251717233073554	2022-07-15	204	188	196
6904241	NP_Size_161	0.10272446202903342	40.93515206733848	201.86283086983545	90	0.28879398291808256	2022-07-21	223	182	202
6904241	NP_Size_161	0.07411920089338542	55.43314250616882	204.7582608691579	110	0.11512239324925566	2022-07-24	233	178	205
6904241	NP_Size_161	0.05821592083613317	62.57332567235262	208.84725976626993	130	0.08517905120730873	2022-07-28	241	178	209
6904241	NP_Size_161	0.04725911975858546	71.15346861858244	215.3084755107127	150	0.1947517995571566	2022-08-04	251	180	216
6904241	NP_Size_161	0.041930236057349045	88.91488682518445	232.7878693153195	170	0.46794891192048016	2022-08-21	278	189	233
6904241	NP_Size_161	0.03837107575422616	86.30577818727664	231.9190210953833	190	0.5686162324816574	2022-08-20	276	189	232
6904241	NP_Size_203	0.7024188086895713	11.221284567871226	178.34462492057185	30	0.7635716572044325	2022-06-28	184	173	179
6904241	NP_Size_203	0.5085309435209028	17.262466834469446	192.2699647015887	50	0.7686888403123364	2022-07-12	201	184	193
6904241	NP_Size_203	0.3050216751663685	18.431620001921527	196.4344482935251	70	0.6896401908624825	2022-07-16	206	188	197
6904241	NP_Size_203	0.11857974061611147	39.310494137935564	201.42366968322688	90	0.34461493503488017	2022-07-21	222	182	202
6904241	NP_Size_203	0.08319435384960049	50.6267098127022	202.59203809044473	110	0.13776693066646417	2022-07-22	228	178	203
6904241	NP_Size_203	0.06398368021419273	54.56103894640462	206.2584818710391	130	0.07858865797897963	2022-07-26	234	179	207
6904241	NP_Size_203	0.04998890000597448	63.9138508344487	210.8348836556286	150	0.11101683728545542	2022-07-30	243	179	211
6904241	NP_Size_203	0.03948037056405864	80.05430628309382	223.89014298109086	170	0.24816462338061906	2022-08-12	264	184	224
6904241	NP_Size_203	0.035394822735051394	90.315764992336	230.3873730172628	190	0.2957749331799705	2022-08-19	276	186	231
6904241	NP_Size_256	0.7672543961880466	11.47911422665523	178.16068521193088	30	0.7011995846383191	2022-06-28	184	173	179
6904241	NP_Size_256	0.4934620769339357	21.335948792812953	192.5809771426098	50	0.7879507566907249	2022-07-12	204	182	193
6904241	NP_Size_256	0.3050141730518113	22.9696192939935	197.6773084447151	70	0.7466482412319569	2022-07-17	210	187	198
6904241	NP_Size_256	0.13350840553263332	38.975135237771	200.03334045096614	90	0.4115840196516706	2022-07-20	220	181	201
6904241	NP_Size_256	0.09685949799629977	44.772301530937376	200.34852028816803	110	0.1969594308456677	2022-07-20	223	178	201
6904241	NP_Size_256	0.07328933278139874	50.913600462531974	204.1516790933687	130	0.09018655200092662	2022-07-24	230	179	205
6904241	NP_Size_256	0.054462741447113765	61.30872787074645	208.59722861299392	150	0.09879966155526332	2022-07-28	240	178	209
6904241	NP_Size_256	0.04336725145542181	68.39886746127236	217.2029528321496	170	0.19113220158269262	2022-08-06	252	184	218
6904241	NP_Size_256	0.036575764301726994	80.19953161688909	218.87263567156748	190	0.169451160271479	2022-08-07	259	179	219
6904241	NP_Size_323	0.46579712240709337	23.245979881165518	191.8055939124559	50	0.8778599576967849	2022-07-11	204	181	192
6904241	NP_Size_323	0.3122392714119097	22.244905971295356	197.08211298289032	70	0.8880761546911319	2022-07-17	209	186	198
6904241	NP_Size_323	0.14683522283563105	31.400401243065385	197.77083470757933	90	0.547305440051376	2022-07-17	214	183	198
6904241	NP_Size_323	0.09766984111768594	38.68692108090267	198.62491924669027	110	0.3527051819729906	2022-07-18	218	180	199
6904241	NP_Size_323	0.0722779982340244	44.87783273636848	201.30008423534213	130	0.12984279519164788	2022-07-21	224	179	202
6904241	NP_Size_323	0.05423095474093577	54.61729106597466	206.21355543850484	150	0.09286656531294524	2022-07-26	234	179	207
6904241	NP_Size_323	0.03899673455613951	62.68142839492734	209.93501537967043	170	0.11478329248411201	2022-07-29	242	179	210
6904241	NP_Size_323	0.033663661153846884	71.66998924544828	218.56652420527058	190	0.19396329144968227	2022-08-07	255	183	219
6904241	NP_Size_406	0.89896088959637	10.22223237837773	177.0175213200201	30	0.8410236869208821	2022-06-27	183	172	178
6904241	NP_Size_406	0.4506995422806079	22.414485088192595	190.62885575279185	50	0.9558594373230647	2022-07-10	202	180	191
6904241	NP_Size_406	0.33179717871482267	21.559610543164585	195.89113453679923	70	0.9592130393664363	2022-07-15	207	186	196
6904241	NP_Size_406	0.18144395735954028	24.708353814878986	195.67760523338043	90	0.795703867652152	2022-07-15	209	184	196
6904241	NP_Size_406	0.11865230741223477	29.342491994523893	196.45235338158892	110	0.5197227344830364	2022-07-16	212	182	197
6904241	NP_Size_406	0.07861847608306981	40.58121915153867	200.5062855152267	130	0.16952738581475646	2022-07-20	221	181	201
6904241	NP_Size_406	0.05794892462862791	49.47940379677157	202.1184351806446	150	0.11102148808293899	2022-07-22	227	178	203
6904241	NP_Size_406	0.03984486016308193	67.40439299983458	211.94205047043593	170	0.08299615376011105	2022-07-31	246	179	212
6904241	NP_Size_406	0.03672479971955833	63.9708217422083	212.54876856308135	190	0.16082004529148675	2022-08-01	245	181	213
6904241	NP_Size_512	0.9240653955905749	9.00883970268205	176.26910202508992	30	0.9477124736985618	2022-06-26	181	172	177
6904241	NP_Size_512	0.35612222975826213	23.38604081906032	188.42977210031702	50	0.9646067271652655	2022-07-08	201	177	189
6904241	NP_Size_512	0.2925512603478928	22.05010086267737	194.1268157081547	70	0.9867329263396648	2022-07-14	206	184	195
6904241	NP_Size_512	0.19240381923755354	21.407345246544196	194.47831337603265	90	0.9094390276220975	2022-07-14	206	184	195
6904241	NP_Size_512	0.13175609652062925	25.585828819371418	193.80353007320966	110	0.7068183681941369	2022-07-13	207	182	194
6904241	NP_Size_512	0.08314177916327342	33.83554903568313	198.29595991405643	130	0.33986966216996906	2022-07-18	216	182	199
6904241	NP_Size_512	0.0581971830300349	48.527289490315106	203.39224125645265	150	0.13207932617373108	2022-07-23	228	180	204
6904241	NP_Size_512	0.040319060077111384	65.10167387740081	206.75541433518916	170	0.0704654869462017	2022-07-26	240	175	207
6904241	NP_Size_512	0.03800383492557946	74.68384647992113	212.71418217263493	190	0.06329229803513448	2022-08-01	251	176	213
6904241	NP_Size_645	1.0272181953427355	7.954583298166494	175.8684608738383	30	0.9841456234952146	2022-06-25	180	172	176
6904241	NP_Size_645	0.30841724436161827	27.59718620766172	180.87149345239118	50	0.9531008044608635	2022-06-30	195	168	181
6904241	NP_Size_645	0.2711102893707767	23.669390956537992	191.76036255034373	70	0.9948095965865096	2022-07-11	204	180	192
6904241	NP_Size_645	0.2045875977767433	22.260318637284584	192.59549538249541	90	0.9456706960439285	2022-07-12	204	182	193
6904241	NP_Size_645	0.16642481471661533	22.538144700763763	192.71765503070566	110	0.8579382703647711	2022-07-12	204	182	193
6904241	NP_Size_645	0.09664213061405333	31.222711002905136	196.65884945550098	130	0.5155198357854422	2022-07-16	213	182	197
6904241	NP_Size_645	0.07002509812826736	43.974501526331	197.99861209217985	150	0.23673592358468565	2022-07-17	220	177	198
6904241	NP_Size_645	0.05527406353139484	47.69332799472975	198.55116354328436	170	0.20687692568977256	2022-07-18	223	175	199
6904241	NP_Size_645	0.04285796136615159	104.70846973414778	208.34335455140493	190	0.01709652072664425	2022-07-28	261	156	209
6904241	NP_Size_813	0.7952851609046194	7.843481963064719	175.99456324503515	30	0.9916110843744758	2022-06-25	180	173	176
6904241	NP_Size_813	0.25621073715900483	36.35229181066068	165.26644991663014	50	0.9969102406139746	2022-06-15	184	148	166
6904241	NP_Size_813	0.20595296133592852	26.821353134041672	188.64947333778164	70	0.9966676465984633	2022-07-08	203	176	189
6904241	NP_Size_813	0.2176743941858897	21.991841432906536	192.64166547259273	90	0.9791217776254613	2022-07-12	204	182	193
6904241	NP_Size_813	0.1709009848338951	24.05660048523961	192.20727366257543	110	0.9139151977921365	2022-07-12	205	181	193
6904241	NP_Size_813	0.11004033473057812	27.363844582245296	193.54136561753845	130	0.6855700895155487	2022-07-13	208	180	194
6904241	NP_Size_813	0.08204880323745342	34.75958453801134	198.3387445492295	150	0.44460829009181	2022-07-18	216	181	199
6904241	NP_Size_813	0.06221913394797774	46.208669432440814	194.82822400076245	170	0.3366452850771863	2022-07-14	218	172	195
6904241	NP_Size_813	0.058327893091453815	51.05790245166512	198.2391158046112	190	0.17634969209828677	2022-07-18	224	173	199
6904241	NP_Size_1020	0.6079492428013805	10.413991127643742	174.22897392857655	30	0.9530028203488135	2022-06-24	180	170	175
6904241	NP_Size_1020	0.21490067725312453	41.7630918078813	167.90484775687435	70	0.9491671686539906	2022-06-17	189	148	168
6904241	NP_Size_1020	0.24861554424169835	22.658038065959587	191.20703733636572	90	0.9925580643011469	2022-07-11	203	180	192
6904241	NP_Size_1020	0.24279839195821154	21.632654163507656	191.7597545163743	110	0.9601307173708827	2022-07-11	203	181	192
6904241	NP_Size_1020	0.1584685497009908	25.109670621867583	195.05367794918186	130	0.9251895397941443	2022-07-15	208	183	196
6904241	NP_Size_1020	0.13304113563530437	29.116856214859748	192.82624553448983	150	0.7006070623446055	2022-07-12	208	179	193
6904241	NP_Size_1020	0.09886994498168883	38.581128000885755	191.8523968488134	170	0.63196317716931	2022-07-11	212	173	192
6904241	NP_Size_1020	0.08400761081034126	42.07079670799779	193.43588206261936	190	0.3615924604872951	2022-07-13	215	173	194
6904241	NP_Size_1290	0.5162312825669146	10.645190128103145	174.51229914457497	30	0.8787268658046321	2022-06-24	180	170	175
6904241	NP_Size_1290	0.24769676104134522	23.47322787289507	189.87955043396124	90	0.9714851167247112	2022-07-09	202	179	190
6904241	NP_Size_1290	0.259125044135636	24.82804219522214	192.15687142685016	110	0.9750246980907685	2022-07-12	205	180	193
6904241	NP_Size_1290	0.19188780219861645	28.200618691497336	191.69963352966607	130	0.9009822686308896	2022-07-11	206	178	192
6904241	NP_Size_1290	0.17787190308285267	27.665120495792436	192.03675112993625	150	0.8785600465348549	2022-07-12	206	179	193
6904241	NP_Size_1290	0.13015334446437404	39.00539586057163	187.8157082421791	170	0.7866202564310814	2022-07-07	208	169	188
6904241	NP_Size_1290	0.1286732253708282	31.957523990956126	190.88688570300428	190	0.7299817162751198	2022-07-10	207	175	191
6904241	NP_Size_1630	0.5006228956854771	12.846980757978052	172.2694025968199	30	0.9469393013712221	2022-06-22	179	166	173
6904241	NP_Size_1630	0.25281396041107046	17.614261512872886	188.77601570547546	90	0.9801627894711796	2022-07-08	198	180	189
6904241	NP_Size_1630	0.43966464582417797	18.42148674654363	191.70547842731108	110	0.9080355832719531	2022-07-11	201	183	192
6904241	NP_Size_1630	0.2440423013009409	29.036811588167996	194.60408726764817	130	0.6902540604302213	2022-07-14	210	181	195
6904241	NP_Size_1630	0.26698973243553187	26.493820662948327	193.4588554391409	150	0.8492831680920226	2022-07-13	207	181	194
6904241	NP_Size_1630	0.21343531785813427	29.149175768595256	191.88264245351297	170	0.6415985960993148	2022-07-11	207	178	192
6904241	NP_Size_1630	0.18706407883709558	24.622950410602723	191.72159270007026	190	0.8677684457241461	2022-07-11	205	180	192
6904241	NP_Size_2050	0.42233904081804863	7.265550460158773	177.96128859834118	30	0.9977307843709372	2022-06-27	182	175	178
6904241	NP_Size_2050	0.23118873222897915	6.5229642792745315	171.05950347086858	50	0.9518610851625545	2022-06-21	175	168	172
6904241	NP_Size_2050	0.30400907980373715	21.772264355126932	185.21793220077993	90	0.9445787144729834	2022-07-05	197	175	186
6904241	NP_Size_2050	0.45940156888640427	19.224381564873177	191.8539692989083	110	0.958479741539196	2022-07-11	202	183	192
6904241	NP_Size_2050	0.42156077530381836	25.9364249409642	192.61068787111105	130	0.8477615116468737	2022-07-12	206	180	193
6904241	NP_Size_2050	0.46854466337020356	25.005475889020172	192.86317090870702	150	0.83921483250515	2022-07-12	206	181	193
6904241	NP_Size_2050	0.3655234973794376	27.234860155884334	192.0793874433066	170	0.7811427814379521	2022-07-12	206	179	193
6904241	NP_Size_2050	0.4206220629248281	27.887451130282074	191.99669164459993	190	0.45167357823711896	2022-07-11	206	179	192
1902578	NP_Size_102	0.5035826731757469	15.181081971084597	189.99623174557823	50	0.8668366479862525	2022-07-09	198	183	190
1902578	NP_Size_102	0.2679142698151525	23.7968862447991	195.75208516638006	70	0.44771209062709094	2022-07-15	208	184	196
1902578	NP_Size_102	0.13141280688908774	45.501125309980765	199.08954252335903	90	0.21710235571038672	2022-07-19	222	177	200
1902578	NP_Size_102	0.07862441973012962	72.48226394353648	224.3976263579638	110	0.41225499705775914	2022-08-13	261	189	225
1902578	NP_Size_102	0.06496839956795336	89.77353671573363	238.62652635367542	130	0.6135013595555887	2022-08-27	284	194	239
1902578	NP_Size_102	0.054087731185407724	83.71298742382993	228.17541993312855	150	0.3304602332149924	2022-08-17	271	187	229
1902578	NP_Size_128	0.49978115564750186	14.408173287137203	189.6705059683527	50	0.8941283012939552	2022-07-09	197	183	190
1902578	NP_Size_128	0.30135373062803517	17.209568352327604	193.8994383195001	70	0.5480974216821783	2022-07-13	203	186	194
1902578	NP_Size_128	0.1289647762663185	39.72470492975026	197.59724031846636	90	0.2510907835452435	2022-07-17	218	178	198
1902578	NP_Size_128	0.06908191023930947	63.44836086431709	217.64561229441858	110	0.31013335943127796	2022-08-06	250	186	218
1902578	NP_Size_128	0.05395878309653254	82.75180064650549	230.2232546388522	130	0.4905189186450357	2022-08-19	272	189	231
1902578	NP_Size_128	0.045883955362044274	69.75580407493335	221.63717854128973	150	0.34006532520649624	2022-08-10	257	187	222
1902578	NP_Size_128	0.03860414910154587	88.74864145105327	231.11216622151483	170	0.44695203362958935	2022-08-20	276	187	232
1902578	NP_Size_128	0.03533964226453888	73.02267201353209	221.8041103804605	190	0.4129075357886448	2022-08-10	259	186	222
1902578	NP_Size_161	0.5213568723441963	14.311200648416152	189.26910635409854	50	0.8583853143777443	2022-07-09	197	183	190
1902578	NP_Size_161	0.2997546055853891	19.530232149615298	193.8836685433741	70	0.5761961020040061	2022-07-13	204	185	194
1902578	NP_Size_161	0.1411702116240145	37.47041714647559	195.6037446583502	90	0.2852391881214287	2022-07-15	215	177	196
1902578	NP_Size_161	0.07120370015217856	59.64050645806515	213.10268140523766	110	0.21558679022094196	2022-08-02	243	184	214
1902578	NP_Size_161	0.05344683009846769	89.30618685079001	237.3692868193916	130	0.5122835262783063	2022-08-26	283	193	238
1902578	NP_Size_161	0.04442895997273581	75.06716085641536	225.8530924242172	150	0.3322252546547566	2022-08-14	264	189	226
1902578	NP_Size_161	0.03367827150115285	66.96315859105283	221.36376006499495	190	0.4577366869172299	2022-08-10	255	188	222
1902578	NP_Size_203	0.5200081353554695	15.824528702199123	189.0386754736986	50	0.7811536353250608	2022-07-09	197	182	190
1902578	NP_Size_203	0.31144774092998234	23.26211334789324	193.8704229654792	70	0.6154934056299424	2022-07-13	206	183	194
1902578	NP_Size_203	0.16815172213267607	35.34933665532721	193.9672847880827	90	0.3454229517733498	2022-07-13	212	177	194
1902578	NP_Size_203	0.08114712992982544	53.984063476297834	206.42914977134754	110	0.16978557193811672	2022-07-26	234	180	207
1902578	NP_Size_203	0.05468581020795042	72.84113580105237	224.91991356909787	130	0.4474146966864553	2022-08-13	262	189	225
1902578	NP_Size_203	0.04501812321309777	104.00355111799925	238.05466279602445	150	0.31116185540575925	2022-08-27	291	187	239
1902578	NP_Size_203	0.03219041838852981	78.36755767371432	224.0015952594029	190	0.3688697623238767	2022-08-13	264	185	225
1902578	NP_Size_256	0.47229057519024675	19.494680438284334	188.8225456789014	50	0.7626378097687894	2022-07-08	199	180	189
1902578	NP_Size_256	0.32823998882243366	24.727568542844246	193.49056100257545	70	0.6874858728618735	2022-07-13	206	182	194
1902578	NP_Size_256	0.24814684223965502	19.751375392587178	191.68641994960333	90	0.47754305065060576	2022-07-11	202	182	192
1902578	NP_Size_256	0.0918998355128472	50.630249095938105	202.06265911927673	110	0.1840824013231125	2022-07-22	228	177	203
1902578	NP_Size_256	0.05766812231917889	75.89091274113237	223.33017785932867	130	0.35289811943692007	2022-08-12	262	186	224
1902578	NP_Size_256	0.046065442290360886	102.9363859025125	230.84235201385266	150	0.24979624247579713	2022-08-19	283	180	231
1902578	NP_Size_256	0.03229531745639879	95.63939331675323	222.6008070138625	190	0.19811194974885726	2022-08-11	271	175	223
1902578	NP_Size_323	0.41703789740569885	21.192119647741176	187.68065566921715	50	0.8445130098926621	2022-07-07	199	178	188
1902578	NP_Size_323	0.3278924460588457	22.16327977184668	192.601255348002	70	0.8073364706467944	2022-07-12	204	182	193
1902578	NP_Size_323	0.2802039157239723	15.779092994111023	190.40036954596164	90	0.6506232567255812	2022-07-10	199	183	191
1902578	NP_Size_323	0.0954317687098615	41.78038227270092	198.03044027129076	110	0.2637386806241083	2022-07-18	219	178	199
1902578	NP_Size_323	0.054955645827067134	64.49605452586135	213.11608395275093	130	0.18151961924128213	2022-08-02	246	181	214
1902578	NP_Size_406	0.38234249443312884	20.968396253280982	186.2665200159887	50	0.8960833316967544	2022-07-06	197	176	187
1902578	NP_Size_406	0.31660913271097696	20.621974096322436	190.98264022908353	70	0.8602923013569299	2022-07-10	202	181	191
1902578	NP_Size_406	0.2901425654976686	14.881872400648403	190.18634922617048	90	0.7364010734306484	2022-07-10	198	183	191
1902578	NP_Size_406	0.10078156091103341	34.59774397515134	196.4460104709705	110	0.41262666923523095	2022-07-16	214	180	197
1902578	NP_Size_406	0.0552120332999855	53.84144717360391	208.7879426278559	130	0.18161426818385862	2022-07-28	236	182	209
1902578	NP_Size_512	0.335811136043958	21.08678819731028	184.32227281738434	50	0.8854377379517224	2022-07-04	195	174	185
1902578	NP_Size_512	0.3007983530305443	20.722624887524525	189.737692819825	70	0.920045521523028	2022-07-09	201	180	190
1902578	NP_Size_512	0.2771109425384804	16.818109294112045	190.2064911826806	90	0.7676848809664503	2022-07-10	199	182	191
1902578	NP_Size_512	0.1371314249183614	23.612617792089004	194.2983514152046	110	0.5913123693621376	2022-07-14	207	183	195
1902578	NP_Size_512	0.0611178924244859	44.95558053882033	202.55366825051303	130	0.23627921379856354	2022-07-22	226	181	203
1902578	NP_Size_512	0.0418892738196925	83.41705467986671	205.5057331786399	150	0.03497584846387092	2022-07-25	248	164	206
1902578	NP_Size_645	0.2970359431657072	21.193348792165512	183.28915571619763	50	0.8351568880538961	2022-07-03	194	173	184
1902578	NP_Size_645	0.3078654946461333	21.58866098267213	188.08080072931583	70	0.918694998667747	2022-07-08	199	178	189
1902578	NP_Size_645	0.29792048241719443	18.20544514952193	189.59686269320065	90	0.8217132962922387	2022-07-09	199	181	190
1902578	NP_Size_645	0.1608172282578881	25.396280726300965	193.07883860668164	110	0.7042410189206365	2022-07-13	206	181	194
1902578	NP_Size_645	0.08144915682712972	41.82723799210956	202.10145906927556	130	0.2982337739733012	2022-07-22	224	182	203
1902578	NP_Size_645	0.058510748955107925	62.19190431825128	199.14454350112246	150	0.11200675783636627	2022-07-19	231	169	200
1902578	NP_Size_813	0.20717889210776944	20.40970327554633	184.67893912323575	50	0.7671698318851985	2022-07-04	195	175	185
1902578	NP_Size_813	0.3020504277703132	22.111903667397595	186.49898852730345	70	0.853571425157837	2022-07-06	198	176	187
1902578	NP_Size_813	0.30731585093021596	21.67484051494754	188.5152523413605	90	0.8056389278731876	2022-07-08	200	178	189
1902578	NP_Size_813	0.19229232496158094	26.75723047354762	192.0578464502846	110	0.8965851163258103	2022-07-12	206	179	193
1902578	NP_Size_813	0.12628000416197496	33.794842272676895	200.8059543246832	130	0.6390557296152026	2022-07-20	218	184	201
1902578	NP_Size_813	0.08928038322983149	54.009164030936105	194.27826623172055	150	0.2316727860016713	2022-07-14	222	168	195
1902578	NP_Size_813	0.06161473437027436	70.13309117992021	213.60803636848095	170	0.1252669177239769	2022-08-02	249	179	214
1902578	NP_Size_1020	0.10082932941486708	30.799162400919798	185.26393046906736	50	0.560160196916208	2022-07-05	201	170	186
1902578	NP_Size_1020	0.251527237403479	24.983094119774417	186.93062062158762	70	0.6366420726290363	2022-07-06	200	175	187
1902578	NP_Size_1020	0.3215840836357537	28.215980627645497	188.840855896668	90	0.7846603836145714	2022-07-08	203	175	189
1902578	NP_Size_1020	0.2721981853248701	27.24476220152805	191.53288864622326	110	0.8570369197311476	2022-07-11	206	178	192
1902578	NP_Size_1020	0.20827043794940328	29.39156871488238	196.84658575161947	130	0.6048868358871999	2022-07-16	212	183	197
1902578	NP_Size_1020	0.15661582833221302	46.252268102483704	197.2191242159492	150	0.3119093412428948	2022-07-17	221	175	198
1902578	NP_Size_1020	0.10839204297013988	53.35031920650118	209.7887980781433	170	0.15186666417276307	2022-07-29	237	184	210
1902578	NP_Size_1290	0.1341740440037928	41.74248961752063	185.58664488877687	30	0.21430984284927224	2022-07-05	207	165	186
1902578	NP_Size_1290	0.061979139959362516	8.516659095201785	184.87376306010438	50	0.5402772491075013	2022-07-04	190	181	185
1902578	NP_Size_1290	0.19782736415566496	8.300485121961524	182.45245377602396	70	0.7804614563659751	2022-07-02	187	179	183
1902578	NP_Size_1290	0.17485906074646457	28.533142416646466	181.65154941361934	90	0.6820272012896222	2022-07-01	196	168	182
1902578	NP_Size_1290	0.15569679784813237	29.423104676640666	192.10505178278447	110	0.8455149059818992	2022-07-12	207	178	193
1902578	NP_Size_1290	0.14178238845388497	28.723503670657177	198.03241279780363	130	0.8380708193782553	2022-07-18	213	184	199
1902578	NP_Size_1290	0.11352295949381037	36.03215811590781	194.5723417711284	150	0.544059280549466	2022-07-14	213	177	195
1902578	NP_Size_1290	0.09378079513321683	38.1331148457146	205.22070907404276	170	0.40987476105709075	2022-07-25	225	187	206
1902578	NP_Size_1290	0.08484245042992627	35.484491919648235	213.13554998912372	190	0.5367735335726618	2022-08-02	231	196	214
1902578	NP_Size_1630	0.6015005251575053	4.984647536294594	182.1701472423038	30	0.8577399319238178	2022-07-02	185	180	183
1902578	NP_Size_1630	0.5925004631258436	3.2354499141715203	179.9337827625041	70	0.8174550290470491	2022-06-29	182	179	180
1902578	NP_Size_1630	0.1799364254428191	33.635337440358974	184.5134999904427	110	0.8439303779490109	2022-07-04	202	168	185
1902578	NP_Size_1630	0.17378515323764657	27.294080240321072	198.02207653075996	130	0.971399751022032	2022-07-18	212	185	199
1902578	NP_Size_1630	0.20580088882287081	26.561399140294448	195.5684640910294	150	0.687827898151152	2022-07-15	209	183	196
1902578	NP_Size_1630	0.1569054714195118	28.36059516958218	200.19545287005866	170	0.7907502026744504	2022-07-20	215	187	201
1902578	NP_Size_1630	0.11109209955768977	33.258824749261	200.5494017713534	190	0.5765801709198527	2022-07-20	218	184	201
1902578	NP_Size_2050	0.40134355011093176	3.3402266472206246	180.62952718581494	30	0.930620299899186	2022-06-30	183	179	181
1902578	NP_Size_2050	0.3255805137402219	3.2505669065709286	179.7722232270617	70	0.8217918576884315	2022-06-29	182	179	180
1902578	NP_Size_2050	0.7891517637163672	3.246041403862746	179.69208805829317	90	0.8180033551441415	2022-06-29	182	179	180
1902578	NP_Size_2050	0.16562250488074598	24.426285512477904	191.6755843457563	130	0.8867833434293602	2022-07-11	204	180	192
1902578	NP_Size_2050	0.1602789518779567	25.126820670624294	193.98079332938465	150	0.735468259180728	2022-07-13	207	182	194
1902578	NP_Size_2050	0.15252229376242943	26.64929418525248	196.72397597525148	170	0.7674294264121678	2022-07-16	211	184	197
1902578	NP_Size_2050	0.12120198138435186	20.923668077220697	207.45347163577992	190	0.7837679468728181	2022-07-27	218	197	208
4903634	NP_Size_102	0.9863702773346842	10.04969466391213	181.683320177309	30	0.9921017634414431	2022-07-01	187	177	182
4903634	NP_Size_102	0.4906532685732535	8.095909219859243	185.4697070658273	50	0.975787768882931	2022-07-05	190	182	186
4903634	NP_Size_128	1.01231794991382	9.811767726138992	181.8751025382393	30	0.9897926286892184	2022-07-01	187	177	182
4903634	NP_Size_128	0.5093680896199511	7.888483671786625	185.40970235356812	50	0.9843247641029219	2022-07-05	190	182	186
4903634	NP_Size_161	0.9851755244041402	9.90922784852935	182.20797575937289	30	0.9749514673335954	2022-07-02	188	178	183
4903634	NP_Size_161	0.5221108095511036	7.748434543324314	185.4920604861831	50	0.9790949955810824	2022-07-05	190	182	186
4903634	NP_Size_203	0.9322823385718799	10.655251862945986	182.42346721803384	30	0.9415790171949624	2022-07-02	188	178	183
4903634	NP_Size_203	0.5359602040768994	7.689528580376062	185.6529970918139	50	0.9651286238030572	2022-07-05	190	182	186
4903634	NP_Size_203	0.0659818248123	53.521204730611835	183.5275074393849	70	0.7877007482385001	2022-07-03	211	157	184
4903634	NP_Size_203	0.06329523476971628	74.00876013364163	163.69876241231393	90	0.717631656340589	2022-06-13	201	127	164
4903634	NP_Size_256	0.8629543840571784	12.088778941909135	182.85153818753054	30	0.9172557779174386	2022-07-02	189	177	183
4903634	NP_Size_256	0.5220102263274519	7.812667927846176	185.9385213607427	50	0.9516775606000446	2022-07-05	190	183	186
4903634	NP_Size_256	0.06850140830846371	41.89399339926451	192.17427727546178	70	0.7565642187252017	2022-07-12	214	172	193
4903634	NP_Size_256	0.055129991076785075	48.7391596486806	192.55685210312436	90	0.613751989636677	2022-07-12	217	169	193
4903634	NP_Size_256	0.06092354639646442	67.65059308166593	169.15512998422932	110	0.7526938021342492	2022-06-19	203	136	170
4903634	NP_Size_323	0.7998323319124762	14.183391784106828	182.69651750869255	30	0.9408543929687964	2022-07-02	190	176	183
4903634	NP_Size_323	0.527734761082908	7.827019491792813	186.2578554240445	50	0.9646541287162063	2022-07-06	191	183	187
4903634	NP_Size_323	0.0752715317081475	30.10323816129378	195.04022171833566	70	0.6292393300015138	2022-07-15	211	180	196
4903634	NP_Size_323	0.05367481556655637	36.65672009108288	200.52859158888285	90	0.5987687628173546	2022-07-20	219	183	201
4903634	NP_Size_323	0.05105786306072459	44.75839746428223	193.88336976656686	110	0.5466006049621095	2022-07-13	217	172	194
4903634	NP_Size_323	0.03546642517169052	68.62098450240299	190.33409334663142	190	0.6168131995225199	2022-07-10	225	157	191
4903634	NP_Size_406	0.7599692277305687	14.895385090709059	181.9800504992149	30	0.971152703421719	2022-07-01	190	175	182
4903634	NP_Size_406	0.5142732383610873	7.92448173465517	186.7831747432162	50	0.9656000021023734	2022-07-06	191	183	187
4903634	NP_Size_406	0.0898642339278896	19.216573253246615	194.2337949268028	70	0.6185257561223196	2022-07-14	204	185	195
4903634	NP_Size_406	0.058158512887590184	27.714510741651516	202.59692173124174	90	0.6871153181853602	2022-07-22	217	189	203
4903634	NP_Size_406	0.05960824608168959	27.77201558509903	202.6122513109482	110	0.6518611752159796	2022-07-22	217	189	203
4903634	NP_Size_406	0.0575630490598294	46.677940644531134	187.60881303265893	130	0.6623239367420539	2022-07-07	211	165	188
4903634	NP_Size_406	0.050551333904212556	59.5609197416981	183.03857893904402	150	0.6788405924432652	2022-07-03	213	154	184
4903634	NP_Size_406	0.044812445024074644	51.59393441342324	193.93591463842245	170	0.7009940445017522	2022-07-13	220	169	194
4903634	NP_Size_406	0.04169030140274977	42.85996360991301	202.0035798448252	190	0.8303518001329498	2022-07-22	224	181	203
4903634	NP_Size_512	0.681845670546558	15.562581993540109	180.61460041760392	30	0.98502864132748	2022-06-30	189	173	181
4903634	NP_Size_512	0.5096431209021725	8.137908364813356	187.38202225712465	50	0.9630211887363307	2022-07-07	192	184	188
4903634	NP_Size_512	0.11602396431255958	13.865492611217523	193.2186240744042	70	0.7285256795517769	2022-07-13	201	187	194
4903634	NP_Size_512	0.07453697848081892	19.241804904369562	202.47537256708594	90	0.7251628479796335	2022-07-22	213	193	203
4903634	NP_Size_512	0.08213796671448197	17.369805640452093	203.54385393114725	110	0.7717044354722401	2022-07-23	213	195	204
4903634	NP_Size_512	0.06249409516473503	30.19384311762958	200.09636790704306	130	0.5711581859861066	2022-07-20	216	185	201
4903634	NP_Size_512	0.05410493055712027	37.09190634888402	197.51097560204988	150	0.5950908384979796	2022-07-17	217	179	198
4903634	NP_Size_512	0.04696635323031368	44.97980649758223	198.76586182197838	170	0.500817445461502	2022-07-18	222	177	199
4903634	NP_Size_512	0.04819081910430544	33.41016701930594	204.05746608422018	190	0.8203843876314004	2022-07-24	221	188	205
4903634	NP_Size_645	0.556875226879536	14.982907922780873	179.6259461643984	30	0.9931722472894506	2022-06-29	188	173	180
4903634	NP_Size_645	0.42542817932642896	9.307021442186322	187.15985408865933	50	0.9468104180431525	2022-07-07	192	183	188
4903634	NP_Size_645	0.08528731682101394	16.576734103540986	194.8671313851597	70	0.6936972115954634	2022-07-14	204	187	195
4903634	NP_Size_645	0.07641818660543906	16.02499608510403	201.89610283768104	90	0.8401941972081397	2022-07-21	210	194	202
4903634	NP_Size_645	0.09262313242940953	12.558076635982303	204.26312983851255	110	0.8450005975026555	2022-07-24	211	198	205
4903634	NP_Size_645	0.08112580145257398	16.70388344905989	203.14132245925953	130	0.7370906762896006	2022-07-23	212	195	204
4903634	NP_Size_645	0.05541226564458606	31.75390984818885	197.52762121269774	150	0.40302073862219145	2022-07-17	214	182	198
4903634	NP_Size_645	0.052509362163461644	36.12298270009998	195.40562297319605	170	0.5478517028047081	2022-07-15	214	178	196
4903634	NP_Size_645	0.042900701861424896	51.66387256885299	191.47465658500892	190	0.25813477132187135	2022-07-11	218	166	192
4903634	NP_Size_813	0.5843065099549635	12.70313946120768	181.41259411993428	30	0.9916788907282997	2022-07-01	188	176	182
4903634	NP_Size_813	0.45331972230044726	12.716098870230915	186.51281214201578	50	0.926895552793715	2022-07-06	193	181	187
4903634	NP_Size_813	0.0891817369380402	18.714912695974373	197.65474405879863	70	0.7706089063583453	2022-07-17	208	189	198
4903634	NP_Size_813	0.11117334860788802	10.651145874347677	205.2145948572274	90	0.7886415904177391	2022-07-25	211	200	206
4903634	NP_Size_813	0.11337859977621195	11.03306100310899	204.15194997114818	110	0.9053403949155807	2022-07-24	210	199	205
4903634	NP_Size_813	0.1367113144767109	12.402530599104528	202.6765255801463	130	0.8834809624100232	2022-07-22	209	197	203
4903634	NP_Size_813	0.1460642857541868	9.062696036882294	204.6547982809761	150	0.4931150258343231	2022-07-24	210	201	205
4903634	NP_Size_813	0.07594939319951569	28.66594684469861	199.04699208888766	170	0.2576244305274773	2022-07-19	214	185	200
4903634	NP_Size_813	0.08969358862216087	20.916617920248882	201.79712768790608	190	0.4010895153989653	2022-07-21	213	192	202
4903634	NP_Size_1020	0.3377062809660655	10.577263037626215	184.9807444492877	50	0.878820863809611	2022-07-04	191	180	185
4903634	NP_Size_1020	0.053442051355168045	23.256681997213004	194.27846936321376	70	0.5939716406457698	2022-07-14	206	183	195
4903634	NP_Size_1020	0.06995735863781208	7.837184838650633	207.1034400308489	90	0.5593887429971964	2022-07-27	212	204	208
4903634	NP_Size_1020	0.07241573333919803	10.024151685902652	204.92004270741012	110	0.8677159969982212	2022-07-24	210	200	205
4903634	NP_Size_1020	0.1495668177276082	9.313381699217596	202.74151139415332	130	0.9551500365585918	2022-07-22	208	199	203
4903634	NP_Size_1020	0.12606652132844123	7.585870531274971	204.45734984503338	150	0.5554435765209191	2022-07-24	209	201	205
4903634	NP_Size_1020	0.14639119936062317	7.365530590841447	205.32555702699463	170	0.5684035295744161	2022-07-25	210	202	206
4903634	NP_Size_1020	0.13330487758172282	7.399203637583675	205.69432940610488	190	0.437216946875542	2022-07-25	210	202	206
4903634	NP_Size_1290	0.14402841015367976	46.41066149598214	184.67830372514683	30	0.2236505160246769	2022-07-04	208	162	185
4903634	NP_Size_1290	0.21410507735949075	8.922503156729526	183.37379467429002	50	0.9382968416173642	2022-07-03	188	179	184
4903634	NP_Size_1290	0.041161510936448965	28.429659237053816	189.11970256819347	70	0.37245280650452217	2022-07-09	204	175	190
4903634	NP_Size_1290	0.019847162352976806	22.54661317410857	199.39305866396379	110	0.4047956205446772	2022-07-19	211	189	200
4903634	NP_Size_1290	0.11861212068307102	6.802710032797348	202.27225207124945	130	0.8571076899492434	2022-07-22	206	199	203
4903634	NP_Size_1290	0.04245678236076059	39.59874387196253	189.1752469868067	150	0.21209860139874193	2022-07-09	209	170	190
4903634	NP_Size_1290	0.04042247156778113	42.18557958504502	193.97068995545342	170	0.0684087480165344	2022-07-13	216	173	194
4903634	NP_Size_1290	0.1375746445580574	6.968423644734372	205.7804930425179	190	0.7738412856588869	2022-07-25	210	203	206
4903634	NP_Size_1630	0.11022814132750294	15.811112999954323	186.69194517815743	30	0.5512308785991856	2022-07-06	195	179	187
4903634	NP_Size_1630	0.35576717843049493	4.531863768204413	181.58177562162254	50	0.9349420729729745	2022-07-01	184	180	182
4903634	NP_Size_1630	0.03178652314972759	32.89683772563523	182.96828786558032	70	0.2777872424182679	2022-07-02	200	167	183
4903634	NP_Size_1630	0.010015437150629415	42.68771848552051	207.4462462297278	110	0.0805277328639179	2022-07-27	229	187	208
4903634	NP_Size_1630	0.03208555528984665	17.23463225698403	194.42956371450828	130	0.8634433754303344	2022-07-14	204	186	195
4903634	NP_Size_1630	0.0395387937726929	22.44827025785258	196.12312115842425	150	0.3873274167128893	2022-07-16	208	185	197
4903634	NP_Size_1630	0.12279478844817807	6.909603948873741	207.21818400238126	190	0.6199965348359724	2022-07-27	211	204	208
4903634	NP_Size_2050	0.07054823608869767	7.473853389006992	185.49721686115984	30	0.9999996347255997	2022-07-05	190	182	186
4903634	NP_Size_2050	0.007843688760245472	19.754836433750643	198.0467673160851	50	0.2825072586481072	2022-07-18	208	189	199
4903634	NP_Size_2050	0.012649058805801942	2.8230050040705756	185.89095286556017	70	0.9023530896973412	2022-07-05	188	185	186
4903634	NP_Size_2050	0.011246001320799294	2.8003672728060125	184.72929310396233	110	0.4192170072974968	2022-07-04	187	184	185
4903634	NP_Size_2050	0.021794871533379247	14.639034188484638	204.5528912229461	130	0.8737395326989492	2022-07-24	212	198	205
4903634	NP_Size_2050	0.008815840054164789	20.93102134533153	211.98138729977023	150	0.40476047214168664	2022-07-31	223	202	212
4903634	NP_Size_2050	0.037025540628152824	2.163515513952116	205.964575436702	170	0.8673688135342927	2022-07-25	208	205	206
4903634	NP_Size_2050	0.034730751771124516	9.03923660864125	205.79484685845196	190	0.8277074167917908	2022-07-25	211	202	206
